年,月,南半球平均温度,北半球平均温度,热带平均温度,南温带平均温度,北温带平均温度
1899,1,22.00957895,9.365654321,21.92767442,17.63,2.803076923
1899,2,22.26236842,11.46958025,23.08411628,18.7946,5.104442308
1899,3,22.323,15.06619753,24.85923256,17.9602,9.341365385
1899,4,21.07905263,19.14746914,25.55783721,15.182,14.93365385
1899,5,19.38905263,22.8277037,25.84590698,12.1754,20.09971154
1899,6,17.59805263,24.60246914,24.67281395,10.3442,23.35598077
1899,7,17.66110526,25.68201235,24.45962791,10.3148,25.23973077
1899,8,18.47515789,25.21655556,24.6822093,11.0258,24.55971154
1899,9,19.55147368,23.13649383,24.99044186,12.8394,21.28361538
1899,10,20.11315789,19.22675309,24.71402326,12.823,15.62882692
1899,11,21.288,14.97848148,23.83337209,15.3332,9.927461538
1899,12,21.63673684,10.79825926,22.58134884,17.8628,4.335480769
1900,1,22.11705263,9.077691358,22.46611628,18.595,1.85575
1900,2,22.54336842,11.48225926,23.707,18.9176,4.699961538
1900,3,22.59563158,14.97854321,25.46813953,17.4548,8.849519231
1900,4,21.156,19.13739506,26.12246512,15.2918,14.46861538
1900,5,19.99010526,22.50245679,26.13902326,13.079,19.48342308
1900,6,18.40426316,24.77824691,25.35239535,11.3928,23.26157692
1900,7,17.90321053,25.74123457,24.41983721,10.2618,25.45844231
1900,8,18.25257895,25.32514815,24.42455814,10.237,24.93644231
1900,9,19.53126316,22.78638272,24.68751163,12.2384,21.03915385
1900,10,20.52178947,19.56402469,24.59060465,13.3798,16.35201923
1900,11,21.33484211,15.13359259,23.83148837,15.711,10.15142308
1900,12,21.85326316,11.15316049,22.8795814,17.3444,4.770653846
1901,1,22.199,9.426432099,22.62488372,17.7448,2.379384615
1901,2,22.62552632,10.32519753,23.31246512,18.8326,3.262057692
1901,3,22.08047368,15.20259259,24.93302326,17.0712,9.489673077
1901,4,20.91563158,19.4937284,25.86660465,15.0202,15.17353846
1901,5,19.48657895,22.48585185,25.91832558,12.5128,19.51051923
1901,6,17.97257895,25.15866667,25.19169767,10.4382,23.92109615
1901,7,17.72478947,25.70855556,24.48197674,9.545,25.35988462
1901,8,18.40189474,25.08679012,24.29165116,10.934,24.66259615
1901,9,19.54221053,23.05655556,24.86537209,12.6778,21.27467308
1901,10,20.24942105,19.36695062,24.58839535,13.639,15.92242308
1901,11,21.14710526,14.63703704,23.57990698,16.2482,9.465730769
1901,12,21.49615789,10.55,22.31118605,17.7254,4.134019231
1902,1,22.06531579,10.05076543,22.41748837,17.9836,3.451596154
1902,2,22.53273684,11.52228395,23.44767442,18.6726,4.996423077
1902,3,22.08942105,15.80238272,25.09867442,17.507,10.24834615
1902,4,21.07657895,18.9887284,25.87562791,15.0204,14.43823077
1902,5,19.883,22.40734568,26.20509302,13.1766,19.23211538
1902,6,18.44752632,24.56123457,25.40525581,10.522,22.97936538
1902,7,18.13068421,25.24183951,24.64083721,10.0792,24.59846154
1902,8,17.98973684,24.76807407,24.60139535,9.8966,23.85915385
1902,9,19.30742105,22.6698642,24.63313953,11.8786,20.85542308
1902,10,20.08589474,19.27559259,24.3024186,13.88,15.93367308
1902,11,21.55957895,15.0338642,23.74790698,15.9108,10.12809615
1902,12,22.10389474,10.48676543,22.48690698,17.7166,4.113115385
1903,1,22.22310526,9.49808642,22.37934884,18.177,2.661288462
1903,2,22.67836842,11.27103704,23.21727907,18.3224,4.882461538
1903,3,22.65884211,15.09337037,24.885,17.713,9.508865385
1903,4,20.89594737,19.04722222,25.74911628,14.6114,14.60728846
1903,5,19.38815789,22.55098765,25.86925581,12.1762,19.64896154
1903,6,18.19694737,24.5925679,25.28730233,9.8862,23.09528846
1903,7,17.52815789,25.40249383,24.2924186,9.7034,24.95280769
1903,8,18.27842105,24.75880247,24.22346512,10.48,24.20661538
1903,9,19.20405263,22.70574074,24.40997674,12.3994,21.008
1903,10,20.029,18.869,24.29267442,13.2614,15.34707692
1903,11,20.97531579,14.10841975,23.21651163,15.285,8.972653846
1903,12,21.53868421,10.14598765,22.07560465,17.0652,3.778519231
1904,1,21.87447368,8.749098765,22.06388372,18.0746,1.637923077
1904,2,21.93973684,11.26722222,22.919,17.7752,4.905903846
1904,3,21.516,14.22907407,24.29683721,16.44,8.35375
1904,4,20.42836842,18.70048148,25.21530233,15.2926,14.27225
1904,5,19.13389474,22.16460494,25.31230233,13.047,19.33101923
1904,6,17.72973684,24.61659259,24.61930233,10.508,23.45459615
1904,7,17.32147368,25.12335802,23.78427907,10.4946,24.78659615
1904,8,17.79131579,24.79267901,23.98202326,10.7068,24.25925
1904,9,18.70721053,22.44698765,24.37223256,11.6678,20.52496154
1904,10,19.68047368,19.02190123,24.16074419,13.3888,15.55475
1904,11,20.88794737,14.3697284,23.32523256,15.6196,9.225692308
1904,12,21.151,10.3512963,22.04262791,16.9756,3.992557692
1905,1,22.18347368,9.366716049,22.16244186,18.8028,2.561365385
1905,2,22.34168421,9.341395062,22.61465116,17.896,2.292980769
1905,3,21.78647368,13.84816049,24.13344186,17.3152,7.910192308
1905,4,20.94778947,17.90801235,25.12330233,15.4684,13.28678846
1905,5,19.90321053,22.49322222,26.07195349,12.7508,19.52430769
1905,6,18.44226316,24.88722222,25.36539535,10.4132,23.52865385
1905,7,17.67336842,25.58001235,24.33511628,10.0098,25.21761538
1905,8,18.18836842,24.89250617,24.37218605,10.1486,24.29086538
1905,9,19.18005263,22.75976543,24.6245814,11.2662,21.01488462
1905,10,20.43868421,19.06506173,24.77481395,12.5936,15.46769231
1905,11,21.24894737,14.97864198,23.88872093,15.2732,9.873442308
1905,12,21.78673684,10.99419753,22.67816279,16.6998,4.727269231
1906,1,22.31121053,9.521444444,22.38813953,18.8298,2.659826923
1906,2,22.48,10.49248148,23.33846512,19.1572,3.41675
1906,3,21.87557895,14.33604938,24.48295349,17.2986,8.415307692
1906,4,20.77305263,18.98541975,25.61032558,15.2222,14.52215385
1906,5,19.65452632,22.85840741,26.09923256,12.8738,19.96790385
1906,6,18.28552632,24.6858642,25.01225581,10.796,23.41294231
1906,7,17.53589474,25.5127037,24.22744186,9.6816,25.18313462
1906,8,18.02621053,24.92019753,24.22590698,10.0148,24.40857692
1906,9,19.04521053,22.46180247,24.43388372,11.6866,20.61875
1906,10,20.13389474,19.17439506,24.39583721,13.3876,15.76367308
1906,11,20.91810526,14.49053086,23.57125581,15.044,9.276788462
1906,12,21.52368421,10.98993827,22.52323256,16.8128,4.741769231
1907,1,21.91763158,9.850382716,22.32883721,18.0506,3.152365385
1907,2,22.12694737,9.906765432,23.03165116,18.0926,2.731461538
1907,3,21.96789474,13.95449383,24.47223256,16.8454,7.907134615
1907,4,20.65452632,18.16738272,25.08865116,14.2606,13.72844231
1907,5,19.16605263,22.05803704,25.45488372,12.0408,19.15561538
1907,6,17.98742105,24.35166667,24.87253488,10.1792,22.95828846
1907,7,17.00905263,25.19455556,23.99130233,9.8154,24.67746154
1907,8,17.76894737,24.64782716,23.70030233,10.9844,24.23171154
1907,9,19.43368421,22.66355556,24.62862791,12.291,20.85580769
1907,10,20.01978947,19.3854321,24.5187907,13.3408,15.95353846
1907,11,20.92715789,14.33717284,23.60665116,15.4312,8.974711538
1907,12,21.63636842,10.3172963,22.14727907,16.9392,4.033903846
1908,1,22.50094737,9.165864198,22.32104651,19.1082,2.203980769
1908,2,22.42957895,10.63680247,23.18360465,18.5318,3.811326923
1908,3,21.94921053,14.1577284,24.51267442,17.2394,8.145557692
1908,4,20.74942105,18.67896296,25.85372093,14.0352,13.94901923
1908,5,19.53968421,22.54987654,25.84953488,12.6232,19.67592308
1908,6,18.08778947,24.86346914,25.20965116,9.8432,23.54573077
1908,7,17.74889474,25.03403704,24.08890698,9.8984,24.60905769
1908,8,18.10105263,24.66550617,24.0794186,10.2364,24.13901923
1908,9,19.30347368,22.52498765,24.61918605,11.7776,20.64955769
1908,10,20.08705263,19.12409877,24.4402093,13.256,15.64417308
1908,11,21.00947368,13.98481481,23.16118605,15.5942,8.808615385
1908,12,21.96126316,10.51966667,22.18348837,17.873,4.348115385
1909,1,22.05610526,9.184666667,22.31065116,18.2424,2.162576923
1909,2,22.40284211,10.79798765,23.44653488,17.6816,3.916961538
1909,3,22.06363158,14.44609877,25.01253488,17.1472,8.232076923
1909,4,20.51589474,18.36720988,25.1244186,14.4906,13.93736538
1909,5,19.27978947,22.37396296,25.7937907,12.2456,19.38934615
1909,6,18.21831579,24.00918519,24.78948837,10.897,22.50882692
1909,7,17.70278947,25.01575309,24.06034884,9.8996,24.58723077
1909,8,18.07478947,24.94150617,24.09967442,10.6516,24.50267308
1909,9,19.18857895,22.76681481,24.4197907,11.9258,21.13490385
1909,10,20.00484211,19.21730864,24.39144186,13.5416,15.77219231
1909,11,21.02957895,15.18932099,23.57751163,15.5208,10.355
1909,12,21.28152632,10.68388889,22.34481395,16.5212,4.352134615
1910,1,22.24505263,9.391185185,22.26181395,18.2584,2.592153846
1910,2,22.50326316,11.25497531,23.38881395,18.313,4.652519231
1910,3,22.02794737,14.38222222,24.50802326,16.8874,8.561711538
1910,4,20.90094737,18.76098765,25.55195349,14.9974,14.28917308
1910,5,19.24431579,22.42130864,25.71386047,12.8918,19.45409615
1910,6,18.19615789,24.32830864,24.93704651,10.511,22.91292308
1910,7,17.46421053,25.24869136,24.10281395,10.0798,24.81046154
1910,8,18.36763158,24.70295062,24.28462791,10.7792,24.07286538
1910,9,19.21894737,22.28439506,24.33786047,12.142,20.4415
1910,10,19.63552632,18.98283951,24.02844186,13.0658,15.61794231
1910,11,20.59705263,14.20606173,23.14011628,15.2548,9.052615385
1910,12,21.17931579,9.952098765,22.05109302,16.691,3.401442308
1911,1,21.98536842,9.179296296,22.43088372,18.0316,2.049211538
1911,2,22.35289474,10.25762963,22.95923256,18.5056,3.380730769
1911,3,21.47768421,13.90817284,24.17193023,16.9934,7.889961538
1911,4,20.45331579,18.41559259,25.34851163,14.249,13.82778846
1911,5,19.50468421,22.58038272,25.7247907,12.7086,19.80559615
1911,6,17.72221053,24.2607284,24.75413953,9.8776,22.84663462
1911,7,17.05821053,25.47728395,24.09565116,9.704,25.06025
1911,8,17.94063158,25.10466667,24.09116279,10.53,24.72653846
1911,9,19.071,22.93954321,24.59011628,12.002,21.21282692
1911,10,20.11926316,18.9812963,24.47527907,13.7738,15.35471154
1911,11,21.67494737,14.79285185,23.94727907,16.283,9.594173077
1911,12,22.10036842,10.88179012,22.81393023,17.2788,4.498826923
1912,1,22.51505263,9.101716049,22.66911628,18.288,1.90025
1912,2,22.87131579,12.03446914,23.68265116,18.9558,5.696423077
1912,3,22.16131579,14.79141975,24.87155814,17.6018,8.878538462
1912,4,21.06510526,18.83488889,25.81160465,14.6602,14.28198077
1912,5,20.00547368,22.47941975,26.43209302,12.2132,19.29405769
1912,6,18.45252632,24.97835802,25.45116279,10.856,23.56086538
1912,7,17.39742105,25.21648148,24.14151163,9.8944,24.72171154
1912,8,18.20378947,24.51054321,24.14102326,10.9858,23.81217308
1912,9,18.811,21.9712963,24.34467442,12.0034,19.81242308
1912,10,20.07310526,18.5174321,24.31530233,14.0838,14.71776923
1912,11,21.374,13.90832099,23.52325581,15.5936,8.523307692
1912,12,21.59852632,10.35896296,22.12683721,17.5482,4.043326923
1913,1,22.39431579,9.543135802,22.34360465,18.719,2.771461538
1913,2,22.75242105,10.71134568,23.43616279,19.3042,3.762288462
1913,3,22.11636842,14.17003704,24.33018605,17.1242,8.387788462
1913,4,21.03384211,19.1752963,25.75946512,15.278,14.78451923
1913,5,19.68210526,22.0922716,25.7374186,12.673,19.10307692
1913,6,18.16068421,24.11720988,24.84581395,11.002,22.59936538
1913,7,17.96310526,24.9617037,24.33806977,10.4902,24.31171154
1913,8,18.42778947,24.91603704,24.37490698,11.2142,24.31028846
1913,9,19.52405263,22.82287654,24.81432558,12.184,20.99373077
1913,10,20.48889474,19.35379012,24.62755814,13.983,15.92396154
1913,11,21.23026316,14.99139506,23.53934884,15.7766,10.12698077
1913,12,21.74568421,10.61859259,22.36953488,17.543,4.301326923
1914,1,22.64447368,10.35780247,22.75653488,18.993,3.764057692
1914,2,22.71763158,11.5958642,23.52725581,19.281,5.054288462
1914,3,22.50505263,15.1918642,24.85739535,18.0532,9.596211538
1914,4,21.11042105,18.6708642,25.50362791,15.1432,14.25126923
1914,5,19.52752632,22.82659259,26.07430233,13.1014,19.87067308
1914,6,18.60168421,24.6794321,25.30744186,10.718,23.28184615
1914,7,17.95326316,25.52846914,24.36562791,10.5714,25.16036538
1914,8,18.32531579,24.83509877,24.28527907,10.9332,24.24790385
1914,9,19.77210526,22.64716049,24.90695349,12.2866,20.72419231
1914,10,20.87915789,19.24765432,24.8044186,14.643,15.69151923
1914,11,21.66957895,14.69685185,24.17593023,16.0864,9.2725
1914,12,21.96057895,10.79571605,22.88995349,17.6074,4.219211538
1915,1,22.69710526,9.748839506,22.82239535,18.7798,2.80075
1915,2,23.11736842,11.09341975,23.67888372,19.4712,4.274019231
1915,3,22.61884211,14.46297531,25.05265116,17.765,8.368653846
1915,4,21.50442105,18.72518519,26.10867442,14.7876,14.01371154
1915,5,20.20931579,22.59460494,26.48088372,12.4436,19.48546154
1915,6,18.41284211,24.88185185,25.618,10.6016,23.28253846
1915,7,17.93915789,25.69493827,24.71606977,10.1094,25.16915385
1915,8,18.62810526,25.08445679,24.75332558,11.023,24.35128846
1915,9,19.59631579,22.79116049,24.95930233,12.236,20.84584615
1915,10,20.30557895,19.4927284,24.84916279,13.4062,15.94561538
1915,11,21.06026316,15.19216049,23.97960465,15.7144,10.01951923
1915,12,21.68905263,11.37179012,22.43455814,17.266,5.42675
1916,1,22.36136842,10.20385185,22.38283721,18.6122,3.766442308
1916,2,22.60294737,11.04462963,23.31972093,18.6006,4.390769231
1916,3,21.87584211,14.6171358,24.88576744,17.026,8.546365385
1916,4,20.84836842,18.97796296,25.64546512,15.1612,14.51486538
1916,5,19.48105263,22.60677778,26.0547907,12.1676,19.61721154
1916,6,18.02152632,24.32250617,24.88053488,9.7586,22.95915385
1916,7,17.47626316,25.52267901,24.21665116,9.86,25.16865385
1916,8,18.09073684,24.84350617,24.20544186,10.4096,24.29165385
1916,9,19.75815789,22.41667901,24.71246512,12.506,20.49980769
1916,10,20.14005263,18.76555556,24.23253488,13.7414,15.23009615
1916,11,20.87584211,14.72811111,23.38425581,15.3622,9.755461538
1916,12,21.46810526,10.50181481,22.11127907,17.354,4.249730769
1917,1,22.08,8.852111111,22.23604651,18.6836,1.672557692
1917,2,22.09936842,10.35337037,23.04102326,18.3104,3.388365385
1917,3,21.83231579,14.14987654,24.43004651,17.0956,8.172769231
1917,4,20.38668421,18.44179012,25.20144186,14.2542,13.96536538
1917,5,18.88084211,21.28949383,25.02139535,11.671,18.24826923
1917,6,17.75268421,24.57348148,24.55809302,10.4912,23.44805769
1917,7,17.48726316,25.48148148,24.22683721,9.891,25.09709615
1917,8,17.79457895,25.0124321,24.13251163,10.1762,24.52932692
1917,9,19.09573684,22.51045679,24.33339535,11.9688,20.76896154
1917,10,19.86773684,18.689,24.06939535,13.5474,15.16490385
1917,11,20.59889474,14.31146914,23.18193023,15.0814,9.199576923
1917,12,21.23821053,9.355925926,22.00323256,17.6124,2.445288462
1918,1,21.71505263,8.587728395,21.58555814,18.0976,1.721634615
1918,2,21.96368421,11.08033333,22.86146512,18.3848,4.6125
1918,3,21.77952632,14.66103704,24.39067442,17.2104,8.971230769
1918,4,20.57910526,18.3771358,25.06116279,15.0154,13.97776923
1918,5,19.49715789,22.33006173,25.57853488,12.5216,19.55184615
1918,6,18.02605263,23.9622963,24.62430233,10.674,22.52357692
1918,7,17.37852632,25.5874321,24.47288372,9.6764,25.03957692
1918,8,17.97573684,24.85949383,24.06944186,11.41,24.29080769
1918,9,19.26768421,22.74491358,24.71132558,12.2456,20.85786538
1918,10,20.25705263,19.68954321,24.72097674,13.4442,16.33680769
1918,11,21.06457895,14.79962963,23.95462791,15.474,9.453423077
1918,12,21.76657895,10.65465432,22.58381395,17.5654,4.185788462
1919,1,22.31868421,9.760901235,22.9225814,18.544,2.621096154
1919,2,22.70847368,11.53285185,23.70969767,19.1864,4.811019231
1919,3,22.24563158,15.3528642,25.15330233,17.5764,9.553365385
1919,4,21.44621053,19.05058025,25.86374419,16.037,14.58171154
1919,5,20.11921053,22.30360494,26.13374419,13.8212,19.15384615
1919,6,18.39873684,24.84885185,25.17097674,11.0292,23.55451923
1919,7,17.60005263,25.432,24.27788372,9.9952,25.009
1919,8,17.99310526,25.09251852,24.30430233,10.8414,24.52059615
1919,9,19.262,22.86750617,24.72830233,11.8632,21.06948077
1919,10,20.44468421,19.22125926,24.70376744,14.1948,15.61798077
1919,11,21.29136842,14.59591358,23.90132558,15.8436,9.2275
1919,12,22.01352632,10.27190123,22.52906977,17.9234,3.690653846
1920,1,22.56184211,9.666444444,22.6922093,18.3868,2.768423077
1920,2,22.72468421,10.13622222,23.43965116,18.587,2.922365385
1920,3,22.05005263,15.14312346,24.87109302,17.164,9.428211538
1920,4,20.91389474,19.11820988,25.63044186,15.3146,14.75494231
1920,5,19.41221053,22.4734321,25.63932558,12.472,19.69863462
1920,6,17.98263158,24.53069136,25.04553488,10.3888,23.07219231
1920,7,17.70668421,25.66044444,24.31476744,10.1596,25.3575
1920,8,17.84752632,25.14801235,24.12937209,10.9158,24.69134615
1920,9,19.25868421,22.97203704,24.7277907,12.1656,21.20244231
1920,10,20.20621053,19.53224691,24.68169767,13.5612,16.09444231
1920,11,21.44431579,14.8052716,23.93860465,16.3406,9.530884615
1920,12,21.691,10.63611111,22.56202326,17.467,4.156769231
1921,1,22.24936842,10.11138272,22.5464186,18.1882,3.486980769
1921,2,22.76394737,11.23118519,23.35348837,19.068,4.667326923
1921,3,22.36242105,15.3125679,24.9992093,17.5582,9.662442308
1921,4,20.76857895,19.58924691,25.78681395,15.0524,15.33148077
1921,5,19.75989474,23.02038272,26.11565116,13.465,20.18828846
1921,6,17.78057895,24.53646914,24.95088372,10.485,23.07638462
1921,7,17.20157895,25.96555556,24.23337209,9.8642,25.74392308
1921,8,18.24321053,24.97416049,24.37395349,10.1776,24.43384615
1921,9,19.23652632,22.58632099,24.48183721,12.3284,20.78125
1921,10,20.01505263,19.05282716,24.33486047,13.3076,15.589
1921,11,21.05852632,14.18159259,23.35732558,16.3604,8.897192308
1921,12,21.56042105,11.01402469,22.71223256,17.1074,4.608096154
1922,1,22.29889474,8.888185185,22.66867442,18.0724,1.50975
1922,2,22.55942105,11.79602469,23.68325581,18.5182,5.252615385
1922,3,22.31178947,15.11069136,24.97118605,17.2826,9.379153846
1922,4,21.19147368,19.33223457,25.8845814,15.6918,14.94332692
1922,5,19.59684211,22.763,26.03244186,12.6254,19.87732692
1922,6,18.11421053,24.88846914,25.07960465,10.2132,23.66628846
1922,7,17.61668421,25.58355556,24.07960465,10.597,25.35725
1922,8,18.28068421,25.0458642,24.31425581,10.1392,24.61228846
1922,9,19.50536842,22.67582716,24.62448837,12.3686,20.89707692
1922,10,20.03568421,19.14967901,24.27172093,13.7568,15.75642308
1922,11,21.19152632,14.55054321,23.7704186,15.7228,9.240211538
1922,12,21.89931579,10.53406173,22.37893023,17.7328,4.199769231
1923,1,22.23957895,9.559604938,22.65676744,18.1384,2.537442308
1923,2,22.44294737,10.45437037,23.13286047,18.5814,3.569230769
1923,3,22.34836842,15.15766667,24.78669767,17.9728,9.551884615
1923,4,21.08973684,18.4452716,25.55051163,15.1716,13.85080769
1923,5,19.54752632,22.49917284,25.74062791,12.5196,19.69982692
1923,6,18.18215789,24.76811111,25.33295349,10.773,23.24030769
1923,7,17.12842105,25.30675309,23.90604651,9.8724,24.96086538
1923,8,17.96742105,24.81604938,23.99953488,10.7204,24.34421154
1923,9,19.09594737,22.77275309,24.53339535,12.2234,20.98775
1923,10,20.17094737,19.13302469,24.32423256,13.9308,15.71975
1923,11,21.31057895,15.04764198,23.8474186,15.6146,10.00476923
1923,12,22.24784211,11.25016049,23.0412093,17.5074,4.916596154
1924,1,22.48831579,9.604814815,22.91783721,18.1726,2.479576923
1924,2,22.44357895,10.87366667,23.68653488,18.1118,3.809903846
1924,3,22.36152632,14.84037037,25.51053488,16.8924,8.567769231
1924,4,20.91136842,19.22609877,26.04288372,14.5184,14.65757692
1924,5,19.65778947,22.48704938,26.23123256,11.8744,19.37757692
1924,6,18.17015789,25.14588889,25.39018605,10.0636,23.84526923
1924,7,17.562,25.51859259,24.27995349,10.0172,25.12615385
1924,8,17.86273684,25.15919753,24.26167442,10.5338,24.64165385
1924,9,19.25705263,22.86159259,24.57525581,11.9768,21.17409615
1924,10,19.83778947,19.10588889,24.14374419,13.6976,15.72742308
1924,11,20.83452632,14.42576543,23.37588372,15.2268,9.289346154
1924,12,21.33915789,10.59640741,22.3584186,16.9124,4.188057692
1925,1,21.85863158,8.858555556,21.78672093,18.0128,2.037769231
1925,2,22.39189474,10.81222222,22.80246512,18.7944,4.360730769
1925,3,21.98336842,15.01850617,24.70613953,17.618,9.302480769
1925,4,21.23352632,19.09408642,25.81581395,15.279,14.68428846
1925,5,19.78210526,22.50795062,25.965,12.6834,19.59792308
1925,6,18.09147368,24.37306173,24.85611628,10.5782,23.00484615
1925,7,17.36721053,25.26445679,24.14472093,9.787,24.79307692
1925,8,18.484,24.9592963,24.39669767,11.0824,24.39286538
1925,9,19.15910526,22.94824691,24.77525581,11.8028,21.12463462
1925,10,19.89715789,19.31474074,24.51339535,13.6358,15.77471154
1925,11,21.20957895,15.17355556,23.89093023,15.6944,10.12034615
1925,12,22.14747368,10.92237037,22.70972093,17.548,4.639538462
1926,1,22.68478947,9.936654321,22.871,18.7646,3.050076923
1926,2,22.98052632,11.95376543,23.96327907,19.3656,5.339153846
1926,3,22.63894737,14.77096296,25.128,18.1436,8.757038462
1926,4,21.27057895,18.49393827,25.653,15.5866,13.86803846
1926,5,19.596,22.71909877,26.13939535,12.4562,19.73646154
1926,6,18.48642105,24.9307284,25.69990698,11.0808,23.27175
1926,7,17.63031579,25.59449383,24.49044186,10.1686,25.08073077
1926,8,18.31,25.12522222,24.43476744,10.913,24.57255769
1926,9,19.85215789,22.90983951,24.96916279,12.1898,21.12048077
1926,10,20.58731579,18.91108642,24.72732558,14.1226,15.17440385
1926,11,21.49457895,14.98362963,23.74402326,15.5614,10.06290385
1926,12,21.80947368,10.26891358,22.67986047,17.3348,3.543346154
1927,1,22.65852632,9.426765432,22.71546512,18.9586,2.356192308
1927,2,22.79973684,10.58879012,23.48832558,18.8436,3.589826923
1927,3,22.39321053,14.81076543,24.84246512,17.5232,9.025019231
1927,4,21.14089474,18.87996296,25.67474419,15.0392,14.45661538
1927,5,19.46178947,22.39303704,26.0154186,12.2402,19.30280769
1927,6,18.05031579,24.78746914,25.13844186,10.4494,23.41425
1927,7,17.48384211,25.82845679,24.14223256,10.2022,25.67636538
1927,8,18.26831579,25.16434568,24.34369767,10.872,24.69751923
1927,9,19.39868421,23.11090123,24.76725581,12.2542,21.42875
1927,10,20.59942105,19.71593827,24.7507907,14.3574,16.39055769
1927,11,21.71294737,15.40114815,23.84818605,16.6374,10.60346154
1927,12,22.01894737,10.95274074,23.11613953,17.3692,4.321
1928,1,22.43663158,10.00633333,23.08737209,18.1518,2.947942308
1928,2,23.09689474,11.10392593,23.79409302,18.5368,4.277480769
1928,3,22.783,14.80230864,25.24986047,17.8508,8.785884615
1928,4,21.55505263,19.41995062,25.94351163,15.5376,15.17890385
1928,5,19.90557895,23.10516049,26.27118605,12.69,20.31948077
1928,6,18.67821053,24.47890123,25.37534884,10.338,22.97782692
1928,7,17.85447368,25.77665432,24.3665814,10.6464,25.50286538
1928,8,18.31036842,25.12233333,24.37239535,11.08,24.60371154
1928,9,19.59031579,22.94149383,24.87834884,12.2372,21.14465385
1928,10,20.34052632,19.18958025,24.61013953,13.515,15.67336538
1928,11,21.55115789,15.22809877,23.9687907,15.9554,10.24063462
1928,12,21.94063158,10.75640741,22.7357907,17.656,4.2735
1929,1,22.64863158,9.069432099,22.79504651,18.9986,1.726307692
1929,2,22.83889474,9.970308642,23.6587907,18.9212,2.492307692
1929,3,22.27442105,15.13749383,25.125,17.203,9.287711538
1929,4,20.72152632,18.85748148,25.5944186,15.0322,14.33546154
1929,5,19.27684211,23.25725926,26.0397907,12.6438,20.52246154
1929,6,18.14668421,24.79081481,25.0327907,10.5506,23.53230769
1929,7,17.35863158,25.52264198,24.11762791,9.6346,25.22917308
1929,8,18.18289474,25.12941975,24.27234884,10.4922,24.70742308
1929,9,19.52384211,22.98234568,24.87872093,11.9596,21.21038462
1929,10,20.54947368,19.24014815,24.65416279,13.5486,15.78884615
1929,11,21.27352632,15.13051852,23.94751163,15.5114,10.04748077
1929,12,21.79357895,10.55041975,22.59569767,17.1318,4.065153846
1930,1,22.51615789,9.165876543,22.4642093,18.2582,2.172903846
1930,2,22.80615789,11.53193827,23.4527907,19.1386,5.062326923
1930,3,22.42436842,15.55230864,25.01090698,17.7732,10.02817308
1930,4,20.76010526,19.17879012,25.56523256,14.7622,14.90015385
1930,5,19.79847368,22.82418519,26.01083721,13.1154,20.01705769
1930,6,18.57673684,24.72928395,25.15325581,11.3452,23.41757692
1930,7,17.96142105,25.67860494,24.3565814,10.777,25.38492308
1930,8,18.42257895,25.26267901,24.45544186,10.6912,24.83203846
1930,9,19.36257895,22.92896296,24.89132558,12.1216,21.04230769
1930,10,20.50231579,19.5607284,24.80790698,14.123,16.08861538
1930,11,21.29452632,14.79338272,23.75237209,15.9272,9.651384615
1930,12,21.97847368,11.25560494,23.05165116,17.598,4.809307692
1931,1,22.86789474,10.02319753,23.27725581,18.496,2.941673077
1931,2,22.87578947,10.60418519,23.92248837,19.022,3.265423077
1931,3,22.78021053,15.21375309,25.29513953,17.8682,9.386653846
1931,4,21.25231579,19.09224691,26.348,14.2988,14.34246154
1931,5,19.983,22.74949383,26.37611628,12.7302,19.70311538
1931,6,18.32257895,25.1151358,25.59776744,10.5438,23.63523077
1931,7,17.814,25.55823457,24.51446512,9.6718,25.11926923
1931,8,18.19821053,25.38385185,24.48765116,10.7792,24.90371154
1931,9,19.28889474,22.96075309,24.79232558,11.777,21.17990385
1931,10,20.43978947,19.23990123,24.6387907,13.7484,15.74188462
1931,11,21.08110526,15.15225926,23.76330233,15.717,10.14359615
1931,12,22.14205263,10.93564198,22.93972093,17.6846,4.454903846
1932,1,22.46073684,10.82539506,22.58455814,18.8524,4.581019231
1932,2,22.83463158,10.42828395,23.44327907,18.4284,3.429730769
1932,3,22.40415789,14.44407407,24.80739535,17.7218,8.467730769
1932,4,21.67247368,18.90193827,25.95146512,15.8716,14.37621154
1932,5,19.88505263,22.67083951,26.12130233,12.8806,19.74105769
1932,6,18.40584211,24.93649383,25.31755814,10.6582,23.60809615
1932,7,17.86436842,25.6732716,24.22306977,10.0832,25.51826923
1932,8,18.17578947,25.2645679,24.30176744,10.9342,24.84851923
1932,9,19.69389474,23.08701235,24.80969767,12.2708,21.46271154
1932,10,20.63242105,19.63650617,24.91544186,13.4728,16.22778846
1932,11,21.73642105,15.09062963,24.01718605,16.3962,10.01178846
1932,12,21.94505263,11.16692593,22.79753488,17.0142,4.925230769
1933,1,22.28778947,8.913925926,22.65555814,18.1608,1.548134615
1933,2,22.75426316,11.34983951,23.86309302,18.4058,4.490884615
1933,3,22.35657895,14.3882716,25.02944186,17.4438,8.206538462
1933,4,20.97636842,18.52116049,25.67886047,15.2124,13.81753846
1933,5,19.64273684,22.49104938,25.86648837,12.793,19.59159615
1933,6,18.16226316,24.55960494,24.9594186,10.672,23.22684615
1933,7,17.50752632,25.82458025,24.35795349,9.6372,25.55492308
1933,8,18.12715789,25.00628395,24.22746512,10.416,24.53969231
1933,9,19.257,22.81674074,24.54034884,12.1632,21.11515385
1933,10,20.46352632,19.00254321,24.37888372,14.5008,15.52340385
1933,11,20.83089474,14.86375309,23.56983721,15.7268,9.761807692
1933,12,21.51531579,10.61808642,22.44909302,17.5276,4.152057692
1934,1,22.39694737,8.658530864,22.17993023,18.7154,1.530173077
1934,2,22.73342105,10.82328395,23.32427907,18.523,4.097346154
1934,3,22.54836842,14.45195062,24.65227907,18.176,8.617288462
1934,4,21.30468421,18.79828395,25.77983721,15.1102,14.2955
1934,5,20.04294737,23.05322222,26.05276744,13.4072,20.40042308
1934,6,18.64878947,24.81067901,25.24313953,11.1208,23.51794231
1934,7,17.84394737,25.83109877,24.35653488,10.1886,25.63615385
1934,8,18.57105263,24.93669136,24.39251163,11.2028,24.38134615
1934,9,19.57173684,23.17153086,24.84981395,12.558,21.48894231
1934,10,20.05468421,19.00165432,24.48495349,13.2338,15.40675
1934,11,21.24526316,14.93903704,23.59251163,15.7706,10.00751923
1934,12,21.68294737,11.4624321,22.5625814,16.9742,5.487903846
1935,1,22.34747368,9.259975309,22.5667907,18.239,2.174865385
1935,2,22.58568421,11.88848148,23.47067442,18.4734,5.586326923
1935,3,22.418,15.50617284,25.17127907,16.9558,9.899961538
1935,4,20.82863158,18.58123457,25.43011628,14.7302,14.10919231
1935,5,19.39031579,22.60108642,26.06337209,12.4076,19.54501923
1935,6,18.33905263,25.04239506,25.33281395,10.3484,23.76582692
1935,7,17.87863158,25.52582716,24.37876744,9.808,25.19151923
1935,8,18.14047368,25.14848148,24.18562791,10.8968,24.75442308
1935,9,19.33689474,22.94467901,24.67651163,11.5334,21.29159615
1935,10,20.56773684,19.87988889,24.80053488,13.7068,16.65578846
1935,11,21.42268421,14.79088889,23.89469767,15.732,9.595403846
1935,12,22.14105263,10.45277778,22.98337209,17.2382,3.709211538
1936,1,22.52263158,9.399111111,22.70390698,18.0448,2.360884615
1936,2,22.48057895,10.73087654,23.70555814,17.9996,3.596057692
1936,3,22.46336842,14.62333333,25.07655814,17.924,8.526576923
1936,4,21.08605263,18.84758025,25.84988372,14.962,14.24873077
1936,5,20.02657895,22.83762963,26.35223256,12.1464,19.93221154
1936,6,18.47778947,24.54479012,24.99667442,10.5788,23.29721154
1936,7,17.87584211,25.63288889,24.30790698,10.594,25.34028846
1936,8,18.26289474,25.10245679,24.21683721,11.2908,24.66376923
1936,9,19.295,22.96923457,24.68493023,11.9908,21.26359615
1936,10,20.52568421,19.3415679,24.67897674,13.5704,15.91551923
1936,11,21.22263158,15.09659259,24.05148837,15.2912,9.911230769
1936,12,21.93657895,10.93701235,22.88316279,17.5602,4.440692308
1937,1,22.46352632,9.319740741,22.4877907,18.338,2.366173077
1937,2,23.13252632,11.94332099,23.94353488,19.0172,5.42825
1937,3,22.69715789,14.75497531,25.06630233,17.7866,8.83875
1937,4,20.97310526,18.98985185,25.67283721,14.726,14.59817308
1937,5,19.59447368,23.00717284,26.00311628,12.8702,20.25751923
1937,6,18.41705263,24.94108642,25.48160465,10.4326,23.50538462
1937,7,17.80178947,25.74665432,24.35386047,9.757,25.53292308
1937,8,18.79263158,25.63958025,24.56632558,11.5472,25.38034615
1937,9,19.53952632,23.30549383,24.95127907,12.344,21.62251923
1937,10,20.38642105,19.46024691,24.59562791,14.1322,16.06440385
1937,11,21.59131579,15.1652963,24.01460465,16.4424,10.07276923
1937,12,21.75910526,10.57464198,22.63460465,17.7542,3.998269231
1938,1,22.74647368,9.519320988,23.0945814,18.4108,2.271673077
1938,2,22.891,11.1765679,23.72976744,18.2718,4.394076923
1938,3,22.73421053,15.49134568,25.27890698,18.0338,9.79975
1938,4,21.35431579,19.61669136,26.09409302,15.2684,15.31338462
1938,5,19.90426316,22.89887654,26.12167442,13.1364,20.07838462
1938,6,18.243,24.34303704,24.78234884,10.6596,23.06661538
1938,7,17.77284211,25.84765432,24.18476744,10.172,25.77959615
1938,8,18.17942105,25.65790123,24.31886047,10.293,25.51005769
1938,9,19.52763158,22.96360494,24.76027907,12.3964,21.23851923
1938,10,20.59921053,19.8457037,24.58513953,14.4016,16.72534615
1938,11,21.34352632,15.02680247,23.55532558,16.2858,10.16134615
1938,12,21.84184211,10.91788889,22.72269767,17.8722,4.478980769
1939,1,22.76126316,10.13561728,22.78074419,19.4238,3.399192308
1939,2,22.97910526,11.60159259,23.67788372,19.3186,5.030576923
1939,3,22.55715789,14.47037037,24.86927907,17.6026,8.524884615
1939,4,21.19563158,18.72203704,25.75688372,14.8958,14.17648077
1939,5,20.37857895,22.97466667,26.30534884,13.4712,20.18567308
1939,6,18.71026316,24.77590123,25.29844186,11.3212,23.42123077
1939,7,17.61357895,25.88271605,24.38574419,9.8308,25.64263462
1939,8,18.60663158,25.69737037,24.54660465,11.1342,25.45842308
1939,9,19.22868421,23.04239506,24.66546512,11.9676,21.37165385
1939,10,20.26426316,19.62964198,24.7255814,13.845,16.20378846
1939,11,21.32789474,15.04939506,23.87676744,15.5768,9.993192308
1939,12,22.02073684,11.31741975,22.7532093,17.191,5.206961538
1940,1,22.64884211,8.827037037,22.63937209,18.745,1.501923077
1940,2,22.82026316,11.26083951,23.79165116,18.7008,4.407076923
1940,3,22.65657895,14.43209877,24.75786047,18.3508,8.521788462
1940,4,21.31636842,18.97750617,26.03518605,14.8034,14.39728846
1940,5,20.00963158,22.9087037,26.34618605,12.5238,20.00544231
1940,6,18.49057895,24.99781481,25.44316279,11.0762,23.59051923
1940,7,18.07894737,25.75993827,24.48648837,10.8026,25.44467308
1940,8,18.50084211,24.65603704,24.44790698,11.3156,23.86186538
1940,9,19.58810526,22.96958025,25.06516279,12.461,21.01159615
1940,10,20.65894737,19.80506173,24.99169767,14.5602,16.33242308
1940,11,21.11257895,15.53150617,24.05227907,15.4542,10.53215385
1940,12,22.70331579,11.31138272,23.23869767,18.2694,4.941807692
1941,1,22.93505263,9.919962963,23.27153488,18.5488,2.805057692
1941,2,23.25326316,12.00530864,24.33902326,18.3788,5.303269231
1941,3,22.60463158,15.43688889,25.66397674,17.2068,9.428673077
1941,4,21.94605263,19.71396296,26.75995349,15.2298,15.13421154
1941,5,20.30352632,23.12506173,26.73113953,12.6726,20.11721154
1941,6,18.52757895,25.05307407,25.62788372,10.6656,23.57684615
1941,7,17.93878947,25.96362963,24.68213953,10.6106,25.56742308
1941,8,18.84431579,25.26074074,25.00602326,11.1596,24.48278846
1941,9,19.24331579,22.92369136,25.01113953,12.0392,20.89936538
1941,10,20.71531579,19.68406173,25.16686047,14.1464,16.05948077
1941,11,21.65310526,15.28698765,24.30562791,15.771,10.10880769
1941,12,22.18852632,11.22987654,23.25588372,17.7606,4.661461538
1942,1,23.12142105,8.875987654,23.01862791,19.2858,1.385230769
1942,2,23.28173684,10.81207407,24.25753488,19.0364,3.459134615
1942,3,22.85368421,15.83059259,25.70781395,17.7704,10.0425
1942,4,21.39568421,19.5591358,26.2422093,15.2064,15.12232692
1942,5,20.08157895,22.91938272,26.41360465,13.1804,19.92948077
1942,6,18.45184211,25.4187284,25.67693023,10.3824,24.10542308
1942,7,17.31294737,25.69495062,24.1177907,10.0556,25.44026923
1942,8,18.364,25.03565432,24.2642093,11.0028,24.58517308
1942,9,19.53763158,22.93512346,24.79986047,12.4112,21.16365385
1942,10,20.33005263,19.69971605,24.74709302,13.8396,16.31971154
1942,11,21.39952632,15.30312346,24.04806977,16.1408,10.21871154
1942,12,21.82515789,10.77333333,22.72625581,17.7698,4.254615385
1943,1,22.51294737,9.224506173,22.77632558,18.7102,1.9615
1943,2,22.71121053,11.32128395,23.34913953,18.5174,4.844942308
1943,3,22.46678947,14.99748148,24.9794186,17.657,9.216634615
1943,4,20.77494737,18.58619753,25.42146512,14.6,14.11698077
1943,5,19.62247368,22.88449383,26.06611628,12.2854,20.08078846
1943,6,18.21857895,24.70549383,24.9982093,10.1476,23.49301923
1943,7,17.60326316,25.5225679,24.22067442,9.6824,25.22863462
1943,8,17.65473684,25.27849383,24.10986047,9.4548,24.98076923
1943,9,18.97957895,22.96014815,24.54776744,11.7994,21.26601923
1943,10,20.33247368,19.73307407,24.57034884,13.5332,16.54817308
1943,11,21.127,15.36912346,23.96276744,15.4874,10.35530769
1943,12,21.58852632,11.60212346,22.72755814,17.231,5.509884615
1944,1,22.78226316,10.1848642,22.76713953,19.3526,3.501673077
1944,2,22.80105263,11.19907407,23.53395349,18.5878,4.527807692
1944,3,22.56505263,14.85398765,24.90044186,17.6138,9.098480769
1944,4,20.88736842,18.76837037,25.64297674,14.7362,14.24555769
1944,5,19.56494737,22.95485185,26.27018605,12.277,20.00142308
1944,6,18.48863158,25.02992593,25.57562791,10.4286,23.59255769
1944,7,17.80563158,25.83876543,24.38909302,10.3436,25.59226923
1944,8,18.60973684,25.25883951,24.61506977,10.892,24.74313462
1944,9,19.80305263,23.21298765,24.99109302,12.9046,21.48788462
1944,10,20.957,19.36133333,24.94951163,14.4372,15.79684615
1944,11,21.55115789,15.2155679,24.03146512,16.439,10.12278846
1944,12,22.09773684,9.992839506,22.83788372,17.8792,3.035615385
1945,1,22.54052632,8.560679012,22.72090698,18.4806,1.005442308
1945,2,22.72789474,10.39483951,23.39934884,18.3314,3.384288462
1945,3,22.38715789,14.98930864,25.23767442,17.084,9.016346154
1945,4,21.36594737,19.35807407,25.85434884,15.5286,15.08801923
1945,5,19.51668421,22.54385185,25.89683721,12.9412,19.58844231
1945,6,18.06721053,25.04197531,25.24495349,11.2176,23.65492308
1945,7,17.60594737,25.54118519,24.43351163,9.6978,25.08113462
1945,8,18.83726316,25.44109877,24.64893023,11.5078,25.02296154
1945,9,19.53136842,23.26760494,24.80051163,13.0128,21.62088462
1945,10,20.59852632,19.20609877,24.60646512,13.9226,15.75721154
1945,11,21.52436842,15.61834568,23.94518605,16.3738,10.81801923
1945,12,21.82205263,10.49462963,22.50927907,17.498,4.024903846
1946,1,22.61584211,10.09723457,22.73790698,18.7578,3.385730769
1946,2,23.04531579,12.14469136,24.08613953,18.755,5.617346154
1946,3,22.38052632,14.95225926,25.25330233,17.0644,8.945173077
1946,4,21.07657895,19.87935802,25.87230233,14.854,15.84430769
1946,5,19.92236842,22.67796296,26.18153488,12.7922,19.72448077
1946,6,18.29631579,25.12946914,25.12634884,10.1866,24.07213462
1946,7,18.07152632,25.80002469,24.45418605,10.5792,25.55259615
1946,8,18.68547368,25.32320988,24.40230233,11.0316,25.03359615
1946,9,19.79547368,23.3917037,24.95183721,12.3442,21.84984615
1946,10,20.49352632,19.55318519,24.88886047,13.0434,16.11051923
1946,11,21.65647368,15.67682716,24.21811628,16.3174,10.73711538
1946,12,22.17515789,10.59997531,23.16865116,17.8478,3.739134615
1947,1,23.03005263,9.589987654,23.19009302,18.9258,2.356865385
1947,2,23.31984211,10.60951852,23.94404651,19.6244,3.360230769
1947,3,22.35689474,15.25062963,25.22497674,17.9184,9.342615385
1947,4,21.10752632,19.72049383,25.9862093,15.0014,15.49978846
1947,5,20.31621053,23.06237037,26.40423256,13.5882,20.20648077
1947,6,18.81563158,25.1812963,25.73060465,10.9898,23.76571154
1947,7,17.65594737,25.97388889,24.5045814,9.683,25.71607692
1947,8,18.43231579,25.61066667,24.62097674,10.8802,25.22259615
1947,9,19.42347368,23.1072716,24.75162791,12.0542,21.46430769
1947,10,20.15121053,19.11541975,24.44406977,13.7166,15.60661538
1947,11,21.05673684,15.05967901,23.80986047,15.7622,9.947634615
1947,12,21.61731579,10.74097531,22.80162791,17.3192,4.109269231
1948,1,22.62436842,10.18728395,22.86662791,18.061,3.489673077
1948,2,22.99410526,11.45861728,23.89669767,18.8974,4.672903846
1948,3,21.91557895,14.85554321,25.0442093,16.4782,8.853903846
1948,4,20.98931579,19.76551852,25.91234884,14.6186,15.62461538
1948,5,19.92405263,22.95646914,26.36209302,12.8014,20.00873077
1948,6,18.53289474,25.14846914,25.43388372,10.772,23.87757692
1948,7,18.021,25.61788889,24.65239535,9.7072,25.17036538
1948,8,18.25089474,25.27992593,24.38460465,11.0728,24.81805769
1948,9,19.55531579,23.16848148,24.83455814,12.3742,21.50848077
1948,10,20.43310526,19.33791358,24.76418605,13.6328,15.79953846
1948,11,21.15121053,14.92132099,23.92427907,15.2594,9.720365385
1948,12,21.99368421,11.34659259,22.74204651,17.8204,5.191230769
1949,1,22.58357895,10.32782716,22.86332558,18.4978,3.654423077
1949,2,22.43605263,11.65451852,23.52181395,18.0446,5.166153846
1949,3,22.79136842,14.83264198,25.53123256,17.4006,8.646807692
1949,4,21.10957895,19.14991358,25.93411628,14.725,14.68140385
1949,5,19.80715789,23.36750617,26.17139535,12.8548,20.75884615
1949,6,18.63621053,24.8904321,25.3624186,10.7914,23.57061538
1949,7,17.87568421,25.61834568,24.45055814,10.245,25.23317308
1949,8,18.35847368,25.11312346,24.51753488,10.7272,24.52084615
1949,9,19.37363158,23.09332099,24.77851163,12.141,21.39378846
1949,10,20.29805263,19.66858025,24.78997674,14.0698,16.20192308
1949,11,21.30984211,15.02603704,23.77095349,15.5388,10.04136538
1949,12,21.86163158,11.09024691,22.63013953,17.101,4.905384615
1950,1,22.49021053,9.755481481,22.82527907,18.3952,2.770096154
1950,2,22.80236842,10.88446914,23.3917907,18.475,4.166634615
1950,3,22.51810526,15.06883951,25.08886047,18.1242,9.211115385
1950,4,21.09636842,19.35048148,25.89786047,14.9278,14.99948077
1950,5,19.72336842,22.92332099,26.18118605,12.7962,20.03386538
1950,6,18.51226316,24.81895062,25.32069767,11.0962,23.41917308
1950,7,17.85521053,25.53407407,24.14853488,10.6948,25.30092308
1950,8,18.43468421,25.02433333,24.33662791,11.0936,24.52475
1950,9,19.44878947,22.75333333,24.64909302,12.7424,20.94084615
1950,10,20.11063158,19.23430864,24.36769767,13.8292,15.82930769
1950,11,21.04147368,14.68490123,23.55127907,15.3892,9.607961538
1950,12,21.98789474,10.54983951,22.52434884,17.7404,4.135730769
1951,1,22.27226316,9.492197531,22.46390698,18.21,2.596980769
1951,2,22.64389474,11.15644444,23.46239535,18.5328,4.468442308
1951,3,22.78163158,14.87860494,25.18716279,17.9636,8.945230769
1951,4,20.76157895,18.75080247,25.6417907,14.2952,14.21561538
1951,5,19.98326316,22.89825926,26.23383721,13.0862,20.01836538
1951,6,18.52063158,24.87417284,25.3175814,11.2558,23.49548077
1951,7,17.74289474,25.73098765,24.54365116,10.241,25.28351923
1951,8,18.31331579,25.52850617,24.55532558,10.6806,25.12461538
1951,9,19.71463158,23.19098765,25.22530233,12.2508,21.2905
1951,10,20.68168421,20.02796296,25.25890698,13.6552,16.554
1951,11,21.60847368,15.33696296,24.34625581,15.6858,10.14494231
1951,12,21.73957895,11.68519753,22.66797674,17.3038,5.73675
1952,1,22.95557895,10.52811111,23.17804651,18.9274,3.800769231
1952,2,23.00315789,11.60683951,24.2204186,18.4906,4.678519231
1952,3,22.67494737,14.64819753,25.1977907,18.0136,8.53375
1952,4,21.22421053,19.84196296,26.03502326,15.2846,15.66403846
1952,5,19.71031579,23.02206173,26.35974419,12.6758,20.04682692
1952,6,18.48757895,25.06717284,25.45151163,10.8888,23.70857692
1952,7,17.86578947,25.80981481,24.56265116,10.195,25.43992308
1952,8,18.63831579,25.08676543,24.46695349,10.996,24.59801923
1952,9,19.67215789,23.21330864,24.94109302,12.4256,21.52796154
1952,10,20.69415789,19.36693827,24.87562791,13.9536,15.81713462
1952,11,21.26221053,15.12955556,23.9697907,15.4802,10.02642308
1952,12,21.92489474,10.9777284,23.013,17.066,4.44
1953,1,22.89384211,9.853876543,23.06195349,18.719,2.844
1953,2,23.07489474,11.81955556,24.21532558,18.8292,5.007730769
1953,3,22.80389474,15.72707407,25.75023256,18.0634,9.799807692
1953,4,21.36631579,19.1925679,26.09737209,15.2694,14.65430769
1953,5,20.10157895,23.06190123,26.40516279,13.374,20.14715385
1953,6,18.45547368,25.17798765,25.49613953,10.6746,23.85315385
1953,7,17.45894737,25.90009877,24.304,9.8598,25.67801923
1953,8,18.493,25.31745679,24.549,10.7814,24.85705769
1953,9,19.65889474,22.90298765,24.88844186,12.5094,21.07521154
1953,10,20.50831579,19.92098765,24.96309302,13.3614,16.59688462
1953,11,21.43031579,14.85871605,23.99374419,15.655,9.629346154
1953,12,22.08836842,11.49767901,22.89976744,17.5886,5.353038462
1954,1,22.76515789,9.420938272,22.89723256,18.4782,2.281961538
1954,2,22.94989474,11.60081481,24.19332558,18.4458,4.676384615
1954,3,22.62189474,14.99780247,25.36655814,17.5376,8.965153846
1954,4,21.14526316,19.15208642,26.01186047,15.241,14.58392308
1954,5,19.66757895,22.90867901,26.35132558,12.2914,19.89851923
1954,6,18.30126316,24.836,25.299,10.5844,23.43578846
1954,7,17.51505263,25.23771605,24.18106977,9.4764,24.80525
1954,8,18.30357895,25.21522222,24.29272093,11.0062,24.81890385
1954,9,19.58831579,23.02765432,24.74051163,11.8282,21.43144231
1954,10,20.45152632,19.10196296,24.41437209,13.5138,15.73944231
1954,11,21.30463158,15.54337037,23.75251163,15.9176,10.82413462
1954,12,21.99363158,10.55867901,22.71686047,17.6166,4.004307692
1955,1,22.63373684,9.672790123,22.64588372,19.001,2.783826923
1955,2,22.65926316,12.22496296,23.81044186,18.397,5.863730769
1955,3,22.42310526,15.06581481,25.30323256,17.567,9.048
1955,4,20.91421053,18.88158025,25.70590698,14.8286,14.37078846
1955,5,19.59515789,22.68024691,26.08667442,12.5414,19.71103846
1955,6,18.30784211,24.98846914,25.12723256,10.5492,23.82111538
1955,7,17.58926316,25.88640741,24.30918605,9.616,25.72346154
1955,8,18.19821053,25.37203704,24.23493023,10.5288,25.11836538
1955,9,19.39247368,23.28937037,24.75997674,11.9774,21.73711538
1955,10,19.99042105,19.32677778,24.53237209,13.049,15.86826923
1955,11,20.88347368,14.77749383,23.52930233,14.9948,9.750557692
1955,12,21.55105263,11.32075309,22.41669767,16.5492,5.380519231
1956,1,22.43752632,9.548765432,22.4685814,18.0186,2.760019231
1956,2,22.76947368,10.51564198,23.62404651,18.8692,3.350134615
1956,3,22.50563158,14.56822222,25.32969767,18.0068,8.238884615
1956,4,20.85684211,19.02159259,25.88530233,14.677,14.43415385
1956,5,19.43173684,22.42260494,25.91839535,12.0634,19.43511538
1956,6,17.90084211,24.55939506,24.80667442,10.263,23.29663462
1956,7,17.64694737,25.0955679,23.90251163,10.3168,24.78155769
1956,8,17.91305263,24.71116049,24.05011628,10.3516,24.15459615
1956,9,19.36784211,22.88364198,24.65576744,11.6474,21.21401923
1956,10,20.06521053,19.00166667,24.39155814,12.9906,15.51123077
1956,11,20.71836842,14.04822222,23.5082093,15.3,8.542346154
1956,12,21.39863158,10.41217284,22.51855814,16.6958,3.811211538
1957,1,22.39136842,9.276530864,22.60160465,18.4598,2.166673077
1957,2,22.63405263,10.77783951,23.19669767,18.3858,4.108942308
1957,3,22.31873684,14.45525926,24.70325581,17.455,8.565711538
1957,4,21.12042105,19.01524691,25.86490698,14.814,14.52426923
1957,5,19.95889474,22.33349383,26.31834884,12.8158,19.08584615
1957,6,18.72568421,24.82639506,25.58086047,11.2296,23.28078846
1957,7,17.90847368,25.67602469,24.64776744,9.8272,25.21209615
1957,8,18.62610526,25.23239506,24.70355814,10.853,24.6385
1957,9,19.58568421,22.71198765,25.09165116,12.0844,20.62376923
1957,10,20.68226316,19.47549383,25.0184186,13.3666,15.92025
1957,11,21.64415789,15.80019753,24.40995349,16.1132,10.78578846
1957,12,22.43826316,11.61455556,23.38176744,17.9946,5.225326923
1958,1,22.99368421,10.19125926,23.43206977,18.3332,3.137057692
1958,2,23.22847368,11.69548148,23.96727907,18.6796,5.090076923
1958,3,22.78447368,15.56762963,25.76053488,17.9258,9.549057692
1958,4,21.53142105,19.85345679,26.56944186,15.5614,15.32565385
1958,5,20.08115789,23.04044444,26.56339535,13.1928,19.99284615
1958,6,18.43010526,25.05354321,25.72213953,10.6298,23.46746154
1958,7,18.12089474,25.71522222,24.50427907,10.7744,25.37834615
1958,8,18.64189474,25.0388642,24.63574419,10.9002,24.39434615
1958,9,19.50489474,23.07932099,25.0375814,11.6546,21.25248077
1958,10,20.62026316,19.26444444,24.9384186,13.7694,15.59626923
1958,11,22.04294737,15.26888889,24.47137209,16.4872,10.01713462
1958,12,22.20057895,11.89959259,23.2552093,17.124,5.770846154
1959,1,22.84494737,9.934888889,22.99797674,18.8934,2.988461538
1959,2,23.30131579,11.37879012,23.99237209,19.1276,4.559557692
1959,3,22.61915789,15.83539506,25.33830233,17.859,10.26132692
1959,4,21.80057895,19.74682716,26.46183721,15.1048,15.39078846
1959,5,20.11289474,22.9824321,26.58386047,12.2642,19.98644231
1959,6,18.58126316,25.01609877,25.53262791,11.0074,23.58476923
1959,7,18.37136842,25.83165432,24.50086047,10.7284,25.65848077
1959,8,18.66457895,25.45128395,24.39662791,11.0572,25.22769231
1959,9,19.81536842,22.86737037,24.86746512,12.4558,21.09940385
1959,10,20.62015789,19.56240741,24.86444186,13.3578,16.16111538
1959,11,21.64121053,14.71623457,24.1134186,16.3178,9.321769231
1959,12,22.13052632,11.43316049,23.13283721,17.3886,5.094442308
1960,1,22.79110526,10.00990123,22.84795349,19.5238,3.149076923
1960,2,22.75005263,12.89746914,24.12513953,18.6732,6.657673077
1960,3,22.33678947,15.06460494,24.99690698,17.7402,9.251230769
1960,4,20.99510526,19.09304938,25.90411628,15.0644,14.54317308
1960,5,19.45605263,22.89150617,26.14090698,12.1922,19.97801923
1960,6,18.40310526,25.1948642,25.40774419,10.6892,23.932
1960,7,17.78847368,25.70282716,24.52046512,10.0844,25.29053846
1960,8,18.61905263,25.19503704,24.73769767,10.7864,24.55590385
1960,9,19.69910526,23.28479012,25.00367442,12.472,21.59294231
1960,10,20.92305263,19.48950617,24.9734186,14.1384,15.99305769
1960,11,21.38057895,15.39309877,24.0302093,15.8568,10.39401923
1960,12,22.37063158,11.35224691,23.264,18.1552,4.873961538
1961,1,22.86273684,9.872481481,23.04974419,19.4376,2.802615385
1961,2,22.77710526,11.69955556,23.37739535,18.9856,5.389865385
1961,3,22.67368421,15.77506173,25.45530233,17.9034,10.08625
1961,4,21.57352632,19.61920988,26.16146512,15.6014,15.30967308
1961,5,20.07673684,22.94903704,26.40462791,12.791,20.01876923
1961,6,18.60563158,25.226,25.2057907,11.2248,24.17
1961,7,18.04747368,25.77582716,24.24855814,10.7896,25.65592308
1961,8,18.58505263,25.33925926,24.39223256,11.2732,25.007
1961,9,20.059,23.13858025,24.9305814,12.2802,21.57557692
1961,10,20.93663158,19.39379012,24.68695349,14.1538,16.08432692
1961,11,21.81563158,15.32590123,23.94788372,16.3438,10.46955769
1961,12,22.06594737,10.8547037,22.61913953,17.6144,4.572865385
1962,1,22.426,9.72508642,22.31525581,18.5422,3.106903846
1962,2,22.69221053,11.77079012,23.79,18.4408,5.181
1962,3,22.52805263,15.05634568,25.1497907,18.1236,9.144961538
1962,4,21.20268421,19.12720988,25.8462093,15.1338,14.71344231
1962,5,19.64163158,22.89854321,26.02446512,12.6694,20.10719231
1962,6,18.27578947,24.75914815,25.11388372,11.3982,23.38159615
1962,7,17.71515789,25.6887037,24.47227907,10.4674,25.24476923
1962,8,18.59378947,25.28653086,24.48916279,11.274,24.84782692
1962,9,19.72536842,22.87751852,24.87206977,12.5098,21.07332692
1962,10,20.31647368,19.42191358,24.65944186,13.585,15.97898077
1962,11,21.50657895,15.03977778,24.06090698,16.0586,9.844903846
1962,12,21.92394737,11.2487284,22.89567442,17.7908,4.889115385
1963,1,22.70173684,8.891888889,22.69374419,18.9734,1.555346154
1963,2,22.55936842,11.45098765,23.80306977,18.5802,4.610096154
1963,3,22.57757895,15.02109877,25.20676744,17.4566,9.125173077
1963,4,21.21821053,18.97262963,25.71727907,15.2042,14.57817308
1963,5,19.77847368,22.65544444,26.13032558,13.1848,19.64142308
1963,6,18.38215789,24.99067901,25.30113953,11.0878,23.65611538
1963,7,17.94457895,25.9197037,24.59716279,10.2204,25.60890385
1963,8,18.58536842,25.34264198,24.60839535,11.0648,24.85367308
1963,9,20.04815789,23.18938272,25.26197674,12.6998,21.33636538
1963,10,21.25352632,19.81687654,25.08274419,14.5856,16.49034615
1963,11,21.85852632,15.88,24.45888372,15.673,10.99028846
1963,12,22.16515789,10.88018519,23.05895349,17.9492,4.252923077
1964,1,22.51878947,9.415246914,22.72065116,18.6762,2.310057692
1964,2,22.73089474,10.52580247,23.89860465,18.4148,3.168519231
1964,3,22.47878947,15.50192593,25.59151163,17.5592,9.510038462
1964,4,21.27657895,19.64444444,26.28069767,15.1044,15.18967308
1964,5,19.77968421,22.91950617,26.14760465,13.1172,20.04540385
1964,6,18.05678947,24.86397531,25.13718605,10.5602,23.52617308
1964,7,17.36315789,25.53695062,24.10830233,10.0844,25.21757692
1964,8,18.30336842,24.93232099,24.22206977,10.678,24.46813462
1964,9,19.49115789,22.81519753,24.68748837,12.3312,21.06048077
1964,10,19.97694737,19.24196296,24.44125581,13.349,15.77773077
1964,11,20.949,14.92349383,23.494,15.7632,9.957230769
1964,12,21.43742105,10.96980247,22.36981395,16.8284,4.80425
1965,1,21.93694737,10.13116049,22.49588372,17.9298,3.470269231
1965,2,22.80868421,11.28239506,23.74265116,18.9822,4.449884615
1965,3,22.28678947,14.75612346,24.91234884,17.7848,8.818076923
1965,4,21.07078947,18.16732099,25.6285814,14.6932,13.39236538
1965,5,19.88657895,22.65050617,26.08595349,12.6416,19.76215385
1965,6,18.61405263,24.9975679,25.37395349,10.8394,23.71525
1965,7,17.87726316,25.31904938,24.42376744,10.031,24.81026923
1965,8,18.87042105,24.84853086,24.6045814,11.3144,24.16730769
1965,9,20.06663158,22.9251358,25.03753488,13.065,21.08198077
1965,10,20.48589474,19.59183951,24.80702326,14.2518,16.11942308
1965,11,21.43168421,15.29038272,24.27353488,15.468,10.08886538
1965,12,22.341,11.24424691,23.18374419,17.3456,4.839115385
1966,1,23.00605263,10.24306173,23.22295349,19.0624,3.325076923
1966,2,22.75605263,12.79364198,24.3155814,17.5706,6.446673077
1966,3,22.52947368,15.53328395,25.34562791,17.6138,9.775480769
1966,4,21.14831579,19.38974074,26.0597907,15.1804,14.92142308
1966,5,19.99257895,22.8508642,26.31555814,12.9186,19.89648077
1966,6,18.64857895,25.00962963,25.46118605,10.9456,23.66430769
1966,7,18.051,25.86024691,24.90237209,9.9208,25.33159615
1966,8,18.46468421,25.50608642,24.70990698,10.5828,25.02657692
1966,9,19.51168421,22.66359259,24.8897907,12.216,20.67561538
1966,10,20.62726316,19.8587284,24.93448837,13.9196,16.51334615
1966,11,21.50873684,15.49092593,24.20893023,16.182,10.41417308
1966,12,22.17357895,10.659,22.98837209,17.2674,4.035384615
1967,1,22.51836842,9.346716049,22.53704651,18.2416,2.396769231
1967,2,22.98763158,11.12859259,23.88269767,19.0134,4.156884615
1967,3,22.36705263,15.02053086,24.9327907,17.2444,9.294326923
1967,4,21.38026316,18.79996296,25.79118605,15.5646,14.27265385
1967,5,20.13757895,22.9627284,26.28839535,13.4002,20.09986538
1967,6,18.55084211,24.8192963,25.38048837,10.5302,23.43878846
1967,7,17.57773684,25.706,24.34402326,9.7052,25.40084615
1967,8,18.536,25.3792963,24.37444186,10.6606,25.12505769
1967,9,19.54652632,22.75211111,24.74486047,12.142,20.95319231
1967,10,20.91389474,19.53611111,24.71167442,14.2928,16.26390385
1967,11,21.39647368,14.72207407,23.76483721,16.2692,9.534365385
1967,12,21.60284211,10.20192593,22.73769767,17.4852,3.301211538
1968,1,22.64242105,8.922209877,22.49434884,18.8656,1.756153846
1968,2,22.53326316,10.1582716,23.0714186,19.1284,3.139211538
1968,3,22.30868421,15.28645679,24.81567442,18.1364,9.698307692
1968,4,20.79284211,19.27128395,25.21160465,15.4218,15.28519231
1968,5,19.21878947,22.51541975,25.67451163,12.6498,19.64717308
1968,6,17.70457895,24.95723457,24.93953488,10.1456,23.74605769
1968,7,17.63731579,25.62219753,24.4557907,10.125,25.15928846
1968,8,18.31142105,24.97906173,24.56511628,10.953,24.23376923
1968,9,19.40142105,23.20448148,25.02067442,12.1648,21.37455769
1968,10,20.50510526,19.2452963,24.79616279,13.5828,15.65994231
1968,11,21.50478947,15.47212346,24.10874419,16.2536,10.45940385
1968,12,21.94073684,11.79574074,23.19274419,17.2408,5.554557692
1969,1,23.19073684,9.403012346,22.99165116,19.7434,2.209807692
1969,2,23.37863158,10.85634568,24.21760465,19.2678,3.574269231
1969,3,22.80284211,15.36317284,25.84244186,18.0104,9.161423077
1969,4,21.49773684,19.20302469,26.441,15.3446,14.42723077
1969,5,20.18626316,22.96912346,26.61490698,12.7602,19.91915385
1969,6,18.68015789,24.87154321,25.75774419,10.6474,23.24419231
1969,7,18.14294737,25.49818519,24.6775814,10.7624,24.90617308
1969,8,18.92636842,25.18998765,24.61960465,11.724,24.66782692
1969,9,19.78784211,23.05718519,25.10255814,11.7778,21.25580769
1969,10,20.62242105,19.71209877,24.94925581,13.8148,16.28103846
1969,11,21.64321053,15.10937037,24.35316279,15.6844,9.797538462
1969,12,21.86505263,10.849,23.07904651,17.5824,4.113346154
1970,1,22.61747368,9.578802469,22.96904651,18.5034,2.412096154
1970,2,23.11805263,11.87934568,24.12567442,19.0982,5.164903846
1970,3,22.67821053,14.34075309,25.33232558,17.6932,7.975596154
1970,4,21.53189474,19.62192593,26.27618605,16.1082,15.15509615
1970,5,20.07747368,23.21077778,26.50781395,12.4896,20.37040385
1970,6,18.77626316,24.6701358,25.42453488,10.6668,23.23925
1970,7,17.82957895,25.69148148,24.53802326,9.8622,25.29473077
1970,8,18.39078947,25.25844444,24.44944186,10.43,24.84390385
1970,9,19.57873684,22.99382716,24.85786047,11.9356,21.26788462
1970,10,20.53221053,19.50474074,24.78283721,13.9658,16.04817308
1970,11,21.12447368,15.1702963,23.67874419,15.338,10.29390385
1970,12,22.20994737,10.77467901,22.73827907,17.3892,4.423961538
1971,1,22.56626316,9.880234568,22.55953488,18.3212,3.219076923
1971,2,22.90815789,11.34012346,23.62944186,19.0634,4.661961538
1971,3,22.68652632,14.59488889,25.04809302,18.1386,8.566711538
1971,4,21.25889474,19.04025926,25.86830233,15.1718,14.57661538
1971,5,19.77768421,22.69982716,25.94572093,12.6756,19.91188462
1971,6,18.28215789,24.43138272,24.85976744,10.3384,23.18540385
1971,7,17.94273684,25.49379012,24.34939535,10.2724,25.14467308
1971,8,18.40694737,24.97666667,24.2942093,10.5154,24.53103846
1971,9,19.33673684,22.89051852,24.80451163,12.0346,21.05313462
1971,10,20.07163158,19.15082716,24.32893023,13.895,15.71075
1971,11,20.84763158,15.03704938,23.38297674,15.5218,10.21209615
1971,12,21.80921053,10.97654321,22.42716279,17.517,4.836961538
1972,1,22.50442105,9.505222222,22.58097674,18.9568,2.533480769
1972,2,22.71278947,10.25718519,23.29955814,18.9406,3.188288462
1972,3,22.49347368,15.34195062,25.20893023,17.3762,9.600173077
1972,4,21.07026316,19.0757037,25.73432558,15.1886,14.67207692
1972,5,20.24621053,22.72537037,26.40944186,13.1544,19.69336538
1972,6,18.93147368,25.16341975,25.78390698,10.9474,23.74019231
1972,7,18.36363158,25.88976543,24.93902326,10.3734,25.41798077
1972,8,18.99157895,25.11016049,24.86113953,11.0146,24.43578846
1972,9,20.10989474,22.71455556,25.30827907,13.1134,20.54123077
1972,10,20.80315789,19.33385185,25.26272093,13.9704,15.48371154
1972,11,21.80305263,15.17193827,24.38590698,15.861,9.909346154
1972,12,22.79931579,11.35033333,23.45944186,18.2218,4.859596154
1973,1,23.46263158,10.12520988,23.43586047,19.298,3.109615385
1973,2,23.67226316,12.72016049,24.93816279,19.0888,6.006173077
1973,3,22.93152632,15.7231358,25.77344186,17.7862,9.847769231
1973,4,21.97084211,20.105,26.94144186,15.7696,15.55040385
1973,5,20.20021053,22.98480247,26.62932558,12.9566,19.91786538
1973,6,19.17121053,25.00058025,25.77183721,11.3548,23.54494231
1973,7,18.38752632,25.80961728,24.8012093,10.483,25.40528846
1973,8,18.71368421,25.37528395,24.58623256,10.8244,24.99284615
1973,9,19.66110526,22.87664198,24.89034884,12.2646,21.05694231
1973,10,20.51931579,19.28159259,24.7467907,14.3658,15.68721154
1973,11,21.18178947,14.77128395,23.74716279,15.8266,9.58975
1973,12,21.89584211,10.71554321,22.563,17.7236,4.329865385
1974,1,22.53331579,9.526839506,22.32965116,19.4548,2.737653846
1974,2,22.746,11.18171605,23.534,18.7202,4.467884615
1974,3,22.39126316,15.325,24.9684186,18.5888,9.618711538
1974,4,21.11821053,19.46025926,25.92255814,15.7874,15.07538462
1974,5,20.02363158,22.57158025,25.98511628,13.3382,19.70569231
1974,6,18.32768421,24.60606173,25.21344186,10.9554,23.12234615
1974,7,17.88063158,25.44522222,24.43553488,10.4324,24.95971154
1974,8,18.57631579,25.1045679,24.66251163,10.7676,24.46334615
1974,9,19.43326316,22.99045679,24.91565116,11.7294,21.18151923
1974,10,20.29042105,19.1704321,24.64232558,13.7632,15.57475
1974,11,21.19268421,15.14911111,23.7564186,15.4182,10.21388462
1974,12,21.48426316,10.83534568,22.43323256,17.0594,4.537269231
1975,1,22.30110526,10.25485185,22.43946512,18.2914,3.807884615
1975,2,22.87742105,11.54744444,23.80793023,19.039,4.828423077
1975,3,22.48989474,15.39502469,25.28369767,17.328,9.624346154
1975,4,20.98557895,19.63101235,26.06402326,15.0636,15.24551923
1975,5,19.81105263,22.96655556,26.0945814,13.2872,20.15765385
1975,6,18.57557895,24.83096296,25.12239535,11.4282,23.59307692
1975,7,17.79105263,25.62212346,24.21155814,10.6636,25.36551923
1975,8,18.60026316,25.28950617,24.41288372,10.681,24.97492308
1975,9,19.74078947,23.22801235,24.62476744,12.9794,21.78426923
1975,10,20.18231579,19.47039506,24.54934884,13.658,16.0895
1975,11,21.19521053,14.89075309,23.48086047,15.772,10.00621154
1975,12,21.99489474,10.40133333,22.22872093,17.9914,4.127288462
1976,1,22.646,9.55317284,22.39344186,18.9098,2.8195
1976,2,22.54078947,11.64375309,23.50865116,19.009,5.105807692
1976,3,22.27884211,14.7181358,25.09969767,17.582,8.620576923
1976,4,21.16442105,18.7508642,25.63844186,15.148,14.28367308
1976,5,19.92589474,22.54964198,25.95253488,12.9886,19.69636538
1976,6,18.59163158,24.51340741,25.11427907,10.9986,23.15230769
1976,7,17.81431579,25.19477778,24.35930233,10.1712,24.63351923
1976,8,18.36747368,24.52835802,24.36283721,10.5606,23.75719231
1976,9,19.49847368,22.51311111,24.8555814,12.238,20.46255769
1976,10,20.10642105,19.3467037,24.87369767,13.3388,15.63157692
1976,11,21.29631579,14.68403704,24.29825581,15.4624,9.075
1976,12,22.31315789,11.07402469,23.28027907,17.9426,4.426557692
1977,1,22.78263158,8.611024691,22.83990698,18.8108,1.042173077
1977,2,23.12905263,11.874,23.9412093,19.3262,5.291211538
1977,3,22.82963158,16.36414815,25.79123256,17.9242,10.78105769
1977,4,21.52773684,19.57671605,26.05016279,15.788,15.30084615
1977,5,19.98736842,22.71666667,26.17076744,12.8698,19.80996154
1977,6,18.80526316,24.72202469,25.49688372,11.252,23.21457692
1977,7,18.31415789,25.65597531,24.81109302,9.9242,25.18471154
1977,8,19.10721053,24.9634321,24.82946512,11.5468,24.2245
1977,9,19.88178947,22.9788642,25.13439535,12.4676,21.07548077
1977,10,21.10615789,19.71950617,25.08446512,14.782,16.26451923
1977,11,21.78915789,15.83197531,24.40211628,16.3836,10.86875
1977,12,22.06931579,11.66693827,22.98116279,18.1698,5.486538462
1978,1,22.63078947,9.891765432,22.88037209,18.641,2.964557692
1978,2,22.88626316,11.12696296,23.91418605,18.9026,4.101923077
1978,3,22.61563158,15.03891358,25.06651163,18.3822,9.193807692
1978,4,21.03284211,19.32567901,25.91686047,15.3868,14.87778846
1978,5,19.91221053,23.27760494,26.28644186,13.5426,20.49592308
1978,6,18.26031579,24.85765432,25.07632558,10.9554,23.60301923
1978,7,18.27205263,25.49174074,24.40144186,11.1226,25.13701923
1978,8,18.54905263,25.04751852,24.54565116,10.6504,24.47242308
1978,9,19.58594737,22.87406173,24.8347907,12.3832,21.06
1978,10,20.60847368,19.49051852,24.9072093,13.7334,15.97338462
1978,11,21.51410526,15.28022222,24.17930233,16.3598,10.09532692
1978,12,21.79057895,11.41441975,23.05460465,17.4384,5.000942308
1979,1,22.37710526,10.38035802,23.01751163,19.349,3.451461538
1979,2,22.88331579,11.86596296,24.03011628,19.4006,5.108230769
1979,3,22.42642105,15.44455556,25.25074419,17.6956,9.670211538
1979,4,21.29742105,19.29254321,26.31065116,15.4246,14.59357692
1979,5,20.19505263,22.74761728,26.35769767,13.3126,19.73690385
1979,6,18.42068421,25.3567284,25.49616279,11.3278,24.05603846
1979,7,17.92305263,25.64088889,24.77172093,10.4862,24.99682692
1979,8,19.04363158,25.21862963,24.82011628,11.5862,24.60273077
1979,9,19.60042105,23.05820988,25.10337209,12.0908,21.15815385
1979,10,20.93710526,19.98534568,25.19532558,14.019,16.59853846
1979,11,21.60494737,15.53161728,24.48546512,16.2878,10.27386538
1979,12,22.38142105,12.01011111,23.13144186,18.2184,6.006192308
1980,1,22.57963158,9.723320988,23.07486047,18.7076,2.51625
1980,2,22.87726316,11.34916049,24.02509302,18.8972,4.353557692
1980,3,23.02952632,14.97258025,25.69134884,18.6796,8.696423077
1980,4,21.71205263,19.5132963,26.66646512,15.813,14.75736538
1980,5,20.56715789,23.07401235,26.76376744,13.6944,20.00878846
1980,6,18.65721053,24.95832099,25.36497674,11.085,23.65369231
1980,7,18.36936842,25.53693827,24.79186047,10.7244,24.95842308
1980,8,19.12847368,25.01198765,24.78339535,12.0368,24.29888462
1980,9,19.83115789,22.92922222,25.17439535,13.1518,20.88078846
1980,10,20.87794737,19.57807407,25.18460465,14.3566,15.91892308
1980,11,21.48836842,15.88817284,24.32806977,16.1252,10.93246154
1980,12,22.40510526,10.96253086,23.01769767,18.4214,4.457576923
1981,1,22.79542105,9.537234568,22.68483721,19.457,2.555692308
1981,2,23.29278947,12.01260494,24.07769767,19.6536,5.422596154
1981,3,22.60857895,15.94207407,25.39788372,17.729,10.38686538
1981,4,21.43878947,19.7432963,26.07248837,16.24,15.46590385
1981,5,20.10921053,22.7717037,26.22790698,13.7194,19.81126923
1981,6,18.34226316,25.35175309,25.48881395,10.5876,24.09688462
1981,7,17.68184211,25.82997531,24.36751163,10.285,25.55682692
1981,8,18.70831579,25.25032099,24.75427907,10.8452,24.65526923
1981,9,19.907,23.11771605,25.13781395,12.5836,21.287
1981,10,20.31689474,19.32051852,24.85295349,14.0668,15.61484615
1981,11,21.53784211,14.49161728,23.89527907,15.8524,9.15925
1981,12,22.20552632,11.43040741,22.96155814,17.8426,5.215538462
1982,1,22.47168421,9.996765432,22.92386047,19.1844,2.981769231
1982,2,23.07052632,11.27890123,23.81781395,19.0314,4.473230769
1982,3,22.56289474,14.95685185,25.10897674,18.0026,9.048096154
1982,4,21.03884211,19.18982716,25.7947907,15.3846,14.76951923
1982,5,19.81552632,22.92953086,26.00344186,13.4216,20.16405769
1982,6,18.74015789,24.75222222,25.63755814,10.4982,23.19398077
1982,7,18.30373684,25.65811111,24.87713953,10.4624,25.07786538
1982,8,19.04563158,25.12408642,24.70423256,11.9676,24.51534615
1982,9,19.83468421,23.13198765,25.12055814,12.9998,21.25705769
1982,10,20.66626316,19.98280247,24.99976744,14.1878,16.64109615
1982,11,22.20384211,15.32979012,24.36046512,16.3658,10.27417308
1982,12,22.44342105,11.47198765,23.01060465,17.9652,5.314884615
1983,1,23.14747368,10.03034568,22.73193023,18.8682,3.470115385
1983,2,23.61568421,11.21401235,24.12495349,19.6016,4.262538462
1983,3,23.24447368,15.25618519,25.53660465,18.6452,9.348
1983,4,21.98552632,19.34209877,26.41093023,15.7022,14.81257692
1983,5,20.763,23.14797531,26.95497674,13.3582,20.06976923
1983,6,18.94989474,25.08393827,26.05609302,10.439,23.44692308
1983,7,18.55452632,26.0055679,25.2234186,10.0972,25.4595
1983,8,18.78826316,25.40051852,24.84002326,11.176,24.81573077
1983,9,19.80584211,23.58837037,25.11981395,12.4946,22.00661538
1983,10,20.62263158,19.35397531,24.79913953,14.2702,15.80361538
1983,11,21.74652632,15.36123457,24.00353488,16.073,10.47936538
1983,12,22.25142105,11.16709877,22.82709302,18.2128,4.89775
1984,1,22.84126316,9.517753086,22.68723256,18.5806,2.624384615
1984,2,23.24052632,10.93708642,23.77460465,18.8894,4.052288462
1984,3,22.59352632,15.03107407,25.51409302,17.4954,8.888673077
1984,4,21.23052632,19.49911111,26.21616279,15.2948,14.98151923
1984,5,20.46373684,23.12169136,26.6494186,12.8462,20.22138462
1984,6,19.00778947,24.87779012,25.48709302,10.8886,23.57425
1984,7,18.46936842,25.48516049,24.6807907,10.4102,25.03636538
1984,8,18.70778947,25.18297531,24.66011628,11.2376,24.59030769
1984,9,19.63084211,22.74874074,24.82569767,12.41,20.88613462
1984,10,20.93673684,19.56116049,24.95548837,14.3088,16.10811538
1984,11,21.59115789,15.35746914,23.96151163,16.278,10.43176923
1984,12,21.92573684,10.78785185,22.93025581,16.956,4.223538462
1985,1,22.44673684,9.493518519,23.00665116,18.7256,2.164403846
1985,2,22.86684211,11.123,23.868,18.6794,4.148307692
1985,3,22.85057895,15.11654321,25.75137209,18.1954,8.852211538
1985,4,21.529,19.75404938,26.09146512,15.8374,15.53863462
1985,5,20.12921053,23.33430864,26.30725581,13.598,20.641
1985,6,18.37742105,24.73790123,25.15286047,11.3032,23.36253846
1985,7,17.83915789,25.47058025,24.32827907,10.3706,25.07869231
1985,8,19.01836842,25.48391358,24.73988372,11.641,25.06780769
1985,9,19.81026316,22.9931358,25.00451163,12.6558,21.16088462
1985,10,20.84878947,19.40267901,24.77451163,14.6968,15.94146154
1985,11,21.80473684,15.08124691,24.09497674,17.0508,9.894865385
1985,12,22.05289474,10.90612346,22.94381395,17.9784,4.344711538
1986,1,22.587,10.07580247,22.71725581,18.453,3.388192308
1986,2,22.98089474,10.94962963,23.9504186,18.7248,3.847403846
1986,3,22.72752632,15.42361728,25.36376744,18.0792,9.617269231
1986,4,21.72889474,19.53628395,26.33593023,15.867,15.06746154
1986,5,20.61247368,23.0067037,26.49009302,13.805,20.13617308
1986,6,18.65547368,25.081,25.4162093,11.2606,23.78490385
1986,7,18.11578947,25.53519753,24.55676744,10.8154,25.04871154
1986,8,19.07857895,25.14301235,24.78881395,11.7008,24.51257692
1986,9,19.83752632,22.99612346,25.10667442,12.892,21.06830769
1986,10,20.63373684,19.34253086,24.94955814,14.0336,15.68821154
1986,11,21.57542105,15.03364198,24.36674419,15.4732,9.663884615
1986,12,22.32247368,11.1782716,23.03986047,17.7776,4.807019231
1987,1,23.04831579,9.950395062,23.32783721,18.633,2.839192308
1987,2,23.47247368,12.42609877,24.4005814,19.3718,5.892442308
1987,3,22.90726316,14.85935802,25.68672093,17.4368,8.598711538
1987,4,22.18110526,19.61964198,26.67506977,15.9334,15.07571154
1987,5,20.79126316,22.85004938,26.82411628,13.7276,19.68871154
1987,6,18.988,25.12654321,25.9394186,11.5156,23.52017308
1987,7,18.80684211,26.23677778,25.50088372,10.654,25.62886538
1987,8,19.18121053,25.64296296,25.32481395,11.3796,24.9165
1987,9,20.26094737,23.72119753,25.7682093,12.8294,21.81144231
1987,10,21.18289474,19.84203704,25.50904651,13.9694,16.21046154
1987,11,22.24878947,15.50128395,24.86169767,16.4194,10.13809615
1987,12,22.56815789,11.79351852,23.44730233,17.5994,5.535365385
1988,1,23.43436842,10.85962963,23.5754186,19.2718,4.130403846
1988,2,23.29826316,11.93554321,24.51976744,19.1232,4.99
1988,3,23.13521053,15.18724691,25.774,18.552,9.013346154
1988,4,21.82526316,19.72628395,26.53211628,15.7312,15.24946154
1988,5,20.64868421,23.68285185,26.99327907,13.83,20.78413462
1988,6,18.72,25.3287284,25.675,11.1422,23.99175
1988,7,17.94889474,26.05140741,24.55323256,10.7754,25.79859615
1988,8,18.99105263,25.4311358,24.73651163,11.9336,24.95026923
1988,9,20.16694737,23.33714815,25.27153488,12.8456,21.58801923
1988,10,20.75589474,19.5277284,24.88893023,14.5048,16.02615385
1988,11,21.48542105,14.88908642,23.88711628,16.548,9.699096154
1988,12,22.11026316,11.50698765,22.88432558,18.2804,5.321788462
1989,1,22.61542105,10.16166667,22.519,18.8946,3.653807692
1989,2,22.89968421,11.74858025,23.47548837,19.3878,5.391230769
1989,3,22.69563158,15.66776543,24.96472093,18.342,10.29063462
1989,4,21.59205263,19.80361728,26.09388372,16.1902,15.60296154
1989,5,19.97394737,23.24287654,26.28030233,13.617,20.46230769
1989,6,18.74963158,24.89820988,25.36495349,11.149,23.58769231
1989,7,17.91457895,25.79669136,24.62097674,10.2064,25.38798077
1989,8,18.84726316,25.33675309,24.71488372,11.316,24.82798077
1989,9,19.87873684,23.22596296,25.111,12.498,21.47569231
1989,10,20.43047368,19.81479012,24.87551163,13.8508,16.42838462
1989,11,21.72768421,15.32620988,24.39465116,16.3532,10.06755769
1989,12,22.15852632,11.30611111,22.83706977,18.198,5.073519231
1990,1,22.98936842,10.6175679,23.34927907,19.157,3.788788462
1990,2,23.00878947,12.59439506,23.99802326,18.781,6.374865385
1990,3,22.97652632,16.04379012,25.28881395,17.888,10.75465385
1990,4,22.06478947,19.49924691,26.39193023,15.8928,15.08371154
1990,5,20.37147368,22.88351852,26.273,13.4162,20.07313462
1990,6,18.79952632,25.11207407,25.56016279,10.745,23.81648077
1990,7,18.25342105,25.82739506,24.61323256,10.5786,25.53023077
1990,8,18.61710526,25.66730864,24.78472093,11.2862,25.20390385
1990,9,19.62563158,23.22023457,25.08165116,12.4434,21.40380769
1990,10,20.97273684,19.94106173,24.98409302,14.1732,16.70242308
1990,11,22.21315789,16.44550617,24.73876744,16.3934,11.70003846
1990,12,22.47657895,11.9805679,23.40586047,18.5054,5.740423077
1991,1,22.77326316,10.31624691,23.02806977,19.4088,3.481865385
1991,2,23.09089474,11.98101235,24.32234884,19.177,5.143134615
1991,3,22.81842105,15.65848148,25.66065116,18.3592,9.743903846
1991,4,21.58163158,19.54671605,26.3145814,15.825,15.05159615
1991,5,20.572,22.87576543,26.67246512,14.0188,19.74605769
1991,6,19.37694737,25.18171605,25.73848837,11.9922,23.86855769
1991,7,18.28115789,26.01525926,24.68755814,10.7598,25.75411538
1991,8,18.66326316,25.49980247,24.63476744,10.8378,25.12696154
1991,9,19.87015789,23.31133333,25.18372093,12.9036,21.50640385
1991,10,20.94957895,19.54134568,24.90223256,14.5416,16.10359615
1991,11,21.59731579,15.28120988,24.107,16.0344,10.21834615
1991,12,22.30652632,11.21180247,22.97711628,17.4004,4.941576923
1992,1,22.80678947,10.0944321,22.67674419,18.3906,3.537019231
1992,2,23.12326316,11.60802469,23.66248837,18.8528,5.150788462
1992,3,23.28384211,15.31022222,25.66418605,18.7928,9.326865385
1992,4,22.01668421,19.53930864,26.49144186,15.8042,15.05476923
1992,5,20.79315789,22.88440741,26.66472093,13.2726,19.91848077
1992,6,19.12968421,24.8947037,25.95002326,10.9634,23.25513462
1992,7,18.16221053,25.6532963,24.7195814,10.4826,25.147
1992,8,18.54910526,25.28933333,24.572,10.9254,24.80088462
1992,9,19.68542105,22.91702469,24.98739535,12.2052,21.05419231
1992,10,20.89389474,19.03919753,24.90509302,14.4172,15.31065385
1992,11,21.37436842,15.00649383,23.96144186,15.6408,9.867173077
1992,12,22.05657895,11.51219753,22.90516279,17.9048,5.329173077
1993,1,23.01515789,9.986049383,22.84351163,19.5504,3.194903846
1993,2,22.88905263,12.04135802,23.82725581,19.0464,5.585346154
1993,3,23.00763158,15.18833333,25.26927907,18.303,9.409730769
1993,4,21.94352632,19.40546914,26.28434884,15.8756,14.98394231
1993,5,20.53842105,23.16279012,26.68939535,13.2038,20.24525
1993,6,18.99684211,25.06135802,25.77460465,11.2292,23.58569231
1993,7,18.79926316,25.47339506,24.97790698,11.2906,24.80823077
1993,8,19.08036842,25.23646914,24.89316279,11.8244,24.56063462
1993,9,20.13315789,22.85501235,25.11497674,12.9132,20.94761538
1993,10,21.19684211,19.50897531,25.19693023,14.1956,15.93309615
1993,11,22.11110526,14.84781481,24.58676744,15.9914,9.338384615
1993,12,22.51621053,11.72132099,23.21983721,17.8234,5.570480769
1994,1,22.80952632,10.73719753,23.23351163,18.9114,4.028769231
1994,2,23.43894737,11.45640741,24.1437907,19.1964,4.598923077
1994,3,22.64110526,15.6358642,25.54153488,17.6966,9.806096154
1994,4,21.72305263,20.07971605,26.222,15.963,15.99680769
1994,5,20.524,23.44581481,26.72797674,13.3162,20.63813462
1994,6,18.78547368,25.33034568,25.3475814,11.3896,24.26515385
1994,7,18.27884211,26.21404938,24.49497674,10.4996,26.24719231
1994,8,18.70321053,25.65059259,24.60755814,10.8352,25.39919231
1994,9,20.28794737,23.24835802,25.157,12.8846,21.58488462
1994,10,21.18163158,19.73423457,25.09106977,14.1358,16.37171154
1994,11,22.21747368,15.99380247,24.42939535,16.4468,11.24869231
1994,12,22.91763158,11.49602469,23.172,18.734,5.318211538
1995,1,23.38231579,10.48917284,22.98509302,19.1712,4.032153846
1995,2,23.36047368,12.57780247,24.10397674,19.3084,6.339192308
1995,3,22.88536842,15.66037037,25.37002326,17.781,10.06723077
1995,4,21.43815789,19.29412346,26.38116279,14.6126,14.66723077
1995,5,20.55968421,23.22639506,26.64467442,13.557,20.35511538
1995,6,18.97057895,25.72130864,26.06,11.1956,24.37132692
1995,7,18.53236842,26.08187654,25.03386047,9.701,25.76511538
1995,8,19.57742105,25.7111358,25.19523256,11.5466,25.25855769
1995,9,20.25905263,23.16428395,25.37344186,12.6978,21.28234615
1995,10,20.99510526,20.20301235,25.27423256,13.9268,16.90240385
1995,11,21.771,15.18858025,24.33537209,16.3072,9.922442308
1995,12,22.07773684,11.14477778,23.17123256,17.2344,4.609019231
1996,1,22.97157895,10.14276543,23.21867442,18.8048,3.184557692
1996,2,23.03736842,11.66153086,24.21974419,18.4182,4.783730769
1996,3,22.74605263,15.19085185,25.7607907,17.599,8.979326923
1996,4,21.36221053,19.12706173,26.11781395,14.8246,14.57663462
1996,5,20.26768421,23.29282716,26.58648837,13.5674,20.39901923
1996,6,18.67531579,25.20424691,25.53518605,11.0228,23.90861538
1996,7,17.93131579,25.81018519,24.74967442,10.001,25.32844231
1996,8,18.91131579,25.27212346,24.74572093,11.0228,24.75340385
1996,9,20.01610526,23.1061358,25.19913953,12.5046,21.26571154
1996,10,21.00805263,19.44279012,24.99069767,14.2912,15.92236538
1996,11,21.39389474,15.19782716,24.06174419,15.6776,10.08586538
1996,12,22.33610526,11.78292593,23.21013953,17.3022,5.658769231
1997,1,22.80378947,10.01634568,22.83327907,18.9782,3.228346154
1997,2,23.26584211,12.08188889,23.81151163,19.5084,5.75475
1997,3,22.57184211,15.82116049,25.45539535,17.6962,10.14069231
1997,4,21.33963158,18.86174074,25.64413953,15.5088,14.481
1997,5,20.13105263,22.98498765,26.37037209,13.476,20.05707692
1997,6,19.049,25.33380247,25.80176744,11.0628,24.02267308
1997,7,18.65063158,26.19988889,25.0712093,10.6736,25.86775
1997,8,19.28742105,25.74930864,25.14618605,11.6086,25.24665385
1997,9,20.72221053,23.01328395,25.6017907,13.229,20.97646154
1997,10,21.42036842,19.44588889,25.36232558,14.7546,15.72598077
1997,11,22.53236842,15.69520988,25.05244186,16.4378,10.38428846
1997,12,23.12152632,11.67522222,23.78588372,18.1952,5.216019231
1998,1,23.68921053,10.62496296,23.68130233,19.4852,3.749903846
1998,2,24.08484211,13.18807407,24.9315814,19.529,6.848903846
1998,3,23.73821053,15.72798765,26.06874419,18.3092,9.855596154
1998,4,22.54094737,20.87734568,27.3295814,15.6724,16.65017308
1998,5,20.96315789,23.92653086,27.40493023,13.6036,20.95998077
1998,6,19.31594737,25.69464198,26.40025581,11.4056,24.15442308
1998,7,18.89510526,26.3172963,25.36818605,10.7698,25.88513462
1998,8,19.71384211,25.99125926,25.40802326,11.7258,25.55155769
1998,9,20.63578947,23.91004938,25.54853488,13.066,22.40148077
1998,10,21.19178947,20.44353086,25.40686047,14.69,17.16586538
1998,11,21.56868421,15.853,24.65681395,15.919,10.655
1998,12,22.60321053,12.20288889,23.45276744,18.3194,6.112096154
1999,1,23.25152632,10.87060494,23.184,19.7046,4.36275
1999,2,23.52578947,13.00790123,24.66451163,19.6938,6.568980769
1999,3,23.02252632,15.88646914,25.77067442,18.5112,10.06801923
1999,4,21.53752632,20.39011111,26.54888372,15.1764,16.21784615
1999,5,20.29505263,23.39954321,26.28646512,13.8862,20.79269231
1999,6,19.14115789,25.49095062,25.59911628,11.7698,24.40073077
1999,7,18.77873684,26.34508642,24.901,11.1918,26.23165385
1999,8,19.09273684,25.62719753,24.76667442,12.035,25.25813462
1999,9,20.20510526,23.87824691,25.14769767,13.2204,22.51119231
1999,10,20.70247368,19.90760494,24.75490698,14.8914,16.67201923
1999,11,21.35847368,15.70581481,24.19025581,16.0686,10.72034615
1999,12,22.31605263,11.92793827,22.99088372,18.3144,5.961307692
2000,1,22.68278947,9.894530864,23.15362791,18.6238,2.763557692
2000,2,23.19494737,11.72119753,23.79416279,19.8328,5.150153846
2000,3,22.93921053,15.9747284,25.43518605,18.5046,10.45311538
2000,4,21.63221053,20.44950617,26.53567442,15.6912,16.30638462
2000,5,20.24894737,23.69066667,26.41769767,12.8916,21.21644231
2000,6,19.16394737,25.32734568,25.53406977,11.5414,24.22996154
2000,7,18.28257895,26.17602469,24.74090698,10.6768,25.96892308
2000,8,19.10921053,25.75161728,24.9435814,11.6948,25.34438462
2000,9,20.11178947,23.43608642,25.24890698,12.8574,21.73955769
2000,10,21.35878947,19.91046914,25.3595814,14.3672,16.46667308
2000,11,21.85742105,15.47723457,24.4647907,16.6822,10.26057692
2000,12,22.58789474,11.78648148,23.25806977,18.3754,5.613480769
2001,1,23.09847368,10.22209877,23.10967442,19.642,3.364134615
2001,2,23.578,12.22351852,24.31255814,20.1012,5.618096154
2001,3,23.00305263,16.31997531,25.67446512,18.2882,10.83717308
2001,4,21.94957895,20.08391358,26.56467442,15.6854,15.82944231
2001,5,20.56710526,23.86290123,26.71597674,13.262,21.31871154
2001,6,19.35731579,25.22460494,25.51502326,11.877,24.12405769
2001,7,18.71294737,26.39391358,24.91316279,11.246,26.26840385
2001,8,19.29936842,25.8778642,25.00525581,11.8858,25.54115385
2001,9,20.32642105,23.62849383,25.5342093,13.1706,21.85165385
2001,10,20.93357895,20.51646914,25.23981395,14.727,17.31971154
2001,11,21.94126316,15.83839506,24.58706977,16.3062,10.78882692
2001,12,22.43542105,11.49148148,23.6064186,17.682,4.876865385
2002,1,22.89652632,11.06898765,23.13088372,18.8088,4.672115385
2002,2,23.15847368,13.6592716,24.45062791,18.775,7.714615385
2002,3,23.44757895,17.02112346,26.0844186,18.5182,11.73065385
2002,4,22.25542105,20.22209877,26.80051163,16.2174,15.91026923
2002,5,20.95221053,23.56228395,27.06095349,13.5736,20.67592308
2002,6,19.21452632,25.54377778,25.90418605,10.8804,24.34307692
2002,7,18.89226316,26.87509877,25.45876744,10.6206,26.69242308
2002,8,19.59636842,25.6892963,25.14146512,11.7078,25.26042308
2002,9,20.24515789,23.56495062,25.34272093,13.4292,21.85646154
2002,10,21.64936842,19.78580247,25.6535814,14.7502,16.09871154
2002,11,22.17042105,15.45367901,24.70611628,16.4234,10.16357692
2002,12,22.81142105,11.36001235,23.80676744,18.1718,4.596692308
2003,1,23.33721053,10.32774074,23.43711628,19.4496,3.363653846
2003,2,23.872,12.22106173,24.86683721,19.698,5.302115385
2003,3,23.15415789,15.65354321,25.81886047,18.2528,9.738288462
2003,4,22.17731579,19.95933333,26.81602326,16.135,15.46751923
2003,5,20.56573684,23.84414815,27.02867442,13.6136,20.99661538
2003,6,19.539,25.5807037,26.01997674,11.8486,24.33030769
2003,7,18.65921053,26.09446914,25.04548837,10.6268,25.73244231
2003,8,18.91910526,25.91735802,25.01790698,10.797,25.55796154
2003,9,20.25168421,23.58682716,25.39195349,12.821,21.91069231
2003,10,21.23494737,19.78365432,25.39993023,14.441,16.18342308
2003,11,22.27157895,15.8282963,24.83686047,16.697,10.64965385
2003,12,22.83089474,11.78054321,23.41281395,18.2144,5.580538462
2004,1,22.96647368,10.27965432,23.29695349,18.8622,3.325673077
2004,2,23.01405263,12.83382716,24.12595349,19.2962,6.594423077
2004,3,22.86463158,16.76851852,25.99606977,17.9624,11.25067308
2004,4,21.97121053,20.43638272,26.65560465,16.0606,16.27511538
2004,5,20.23763158,23.26096296,26.48013953,13.0946,20.47180769
2004,6,18.78957895,25.15144444,25.4887907,11.5222,23.85846154
2004,7,18.21163158,26.07141975,24.83323256,10.4072,25.72963462
2004,8,19.21947368,25.53080247,25.03602326,11.8872,24.94576923
2004,9,20.59394737,23.74681481,25.55513953,13.0004,22.13276923
2004,10,21.23147368,19.87951852,25.16867442,14.7668,16.49138462
2004,11,22.33015789,16.06433333,24.80902326,16.9548,11.03696154
2004,12,22.73726316,11.79683951,23.51962791,18.6106,5.445288462
2005,1,23.34673684,10.26987654,23.19069767,19.3936,3.486153846
2005,2,23.56963158,11.48654321,24.74137209,19.1298,4.205865385
2005,3,23.15957895,15.58062963,26.02818605,17.7432,9.502596154
2005,4,22.36510526,20.3912963,26.82993023,16.254,16.18605769
2005,5,20.68805263,23.27169136,26.89193023,13.5264,20.27105769
2005,6,19.54494737,26.00269136,26.21748837,11.8212,24.82911538
2005,7,18.70010526,26.31230864,24.98076744,11.5272,26.05365385
2005,8,19.54894737,25.79438272,25.23190698,11.5634,25.34588462
2005,9,20.30810526,24.00891358,25.52397674,12.837,22.47807692
2005,10,21.61773684,20.03450617,25.40753488,14.7348,16.6795
2005,11,22.17426316,15.85760494,24.43204651,17.1452,10.95140385
2005,12,22.39010526,11.0862716,23.29265116,18.264,4.432615385
2006,1,23.44257895,10.54796296,23.54016279,20.0032,3.60675
2006,2,23.66136842,12.61338272,25.00209302,19.6152,5.732384615
2006,3,23.05621053,15.81666667,25.71309302,18.213,10.04788462
2006,4,21.54321053,19.92677778,26.41602326,15.3266,15.59361538
2006,5,19.87947368,23.67298765,26.40118605,12.5606,21.09938462
2006,6,18.96536842,25.65041975,25.8112093,11.1682,24.46736538
2006,7,18.85615789,26.47982716,25.15986047,11.3556,26.24001923
2006,8,19.45568421,25.95340741,25.09439535,11.6456,25.66532692
2006,9,20.32478947,23.64432099,25.36934884,13.7368,21.95759615
2006,10,21.33863158,20.87938272,25.53483721,15.1092,17.75230769
2006,11,22.04984211,16.17240741,24.67311628,16.7062,11.23917308
2006,12,22.67452632,12.01385185,23.4755814,17.8414,5.870788462
2007,1,23.36242105,11.10735802,23.32074419,19.74,4.655576923
2007,2,23.47684211,13.10269136,24.55790698,19.8278,6.774019231
2007,3,23.34747368,16.2727037,25.98525581,18.4034,10.62130769
2007,4,22.00931579,20.1261358,26.6995814,15.9744,15.77769231
2007,5,20.61547368,24.16274074,26.88069767,13.7938,21.61609615
2007,6,18.89089474,25.80498765,25.83193023,10.6552,24.71311538
2007,7,18.41042105,26.14723457,25.05686047,10.242,25.75132692
2007,8,19.00315789,26.03840741,24.9945814,11.2844,25.74965385
2007,9,20.42289474,23.724,25.46976744,13.1224,22.09359615
2007,10,21.41947368,20.1322716,25.27783721,15.0726,16.83411538
2007,11,22.02757895,15.65479012,24.51834884,16.628,10.56025
2007,12,22.51194737,11.93240741,23.48781395,18.3806,5.622557692
2008,1,22.91931579,9.883950617,22.90123256,19.6928,2.939423077
2008,2,22.92247368,11.57980247,23.73151163,18.8662,4.975096154
2008,3,22.80468421,17.04111111,25.66046512,18.4296,11.88598077
2008,4,21.46515789,20.4787037,26.39762791,15.0754,16.46419231
2008,5,20.32647368,23.27148148,26.50767442,13.4978,20.45911538
2008,6,19.002,25.10935802,25.48627907,11.6832,23.85711538
2008,7,18.46131579,26.21149383,24.96227907,10.637,25.91025
2008,8,19.34626316,25.65176543,25.06974419,11.0784,25.23040385
2008,9,20.30905263,23.60274074,25.43462791,12.6274,21.93976923
2008,10,21.54605263,20.30990123,25.45551163,14.7216,17.04388462
2008,11,22.09052632,15.87618519,24.59697674,16.74,10.85232692
2008,12,22.31568421,12.01885185,23.56490698,17.9822,5.660057692
2009,1,23.07342105,10.48766667,23.3694186,19.4064,3.576519231
2009,2,23.32589474,13.28025926,24.79974419,19.6586,6.81175
2009,3,23.26663158,16.1702716,25.90625581,18.6526,10.47357692
2009,4,21.80994737,20.25750617,26.7117907,16.1938,15.87828846
2009,5,20.619,23.78559259,26.74260465,13.7414,21.14913462
2009,6,19.27389474,25.83251852,26.22455814,11.6832,24.47242308
2009,7,18.72142105,26.25761728,25.24802326,10.7868,25.82644231
2009,8,19.44384211,25.98050617,25.42948837,12.1438,25.37821154
2009,9,20.71294737,23.86522222,25.94132558,12.8068,22.05996154
2009,10,21.25394737,20.33840741,25.52834884,14.513,16.94138462
2009,11,22.76094737,15.5222716,24.85904651,17.528,10.25351923
2009,12,22.81615789,11.75325926,23.8454186,18.139,5.182173077
2010,1,23.566,10.39261728,23.76634884,19.6376,3.257980769
2010,2,24.23773684,12.84055556,25.19788372,20.2036,6.078365385
2010,3,23.60821053,16.67735802,26.56939535,19.1236,10.79461538
2010,4,22.14136842,20.24987654,27.18997674,16.1882,15.59261538
2010,5,20.90031579,24.03555556,27.42565116,13.6374,21.08646154
2010,6,19.01094737,25.88993827,26.07393023,11.1458,24.64201923
2010,7,18.74894737,26.86774074,25.18402326,10.5516,26.86242308
2010,8,19.07205263,26.2967037,25.1687907,11.3008,26.03153846
2010,9,20.386,23.75340741,25.46811628,13.0312,22.13605769
2010,10,21.11815789,20.0452963,25.42855814,14.444,16.52434615
2010,11,21.92563158,16.2957037,24.81318605,16.559,11.28417308
2010,12,22.43247368,11.3252716,23.22923256,17.96,4.902057692
2011,1,22.992,9.443814815,22.83532558,19.5536,2.348269231
2011,2,23.47410526,12.15751852,24.38472093,19.5496,5.470692308
2011,3,22.86642105,15.58422222,25.47523256,18.4946,9.786076923
2011,4,21.72005263,19.95133333,26.35202326,15.524,15.73042308
2011,5,20.21447368,23.64559259,26.65811628,12.8582,20.93803846
2011,6,18.94384211,25.5888642,25.8384186,10.9864,24.35859615
2011,7,18.47794737,26.42561728,25.12262791,10.3324,26.14655769
2011,8,19.26184211,25.82387654,25.13127907,11.4586,25.38021154
2011,9,20.34236842,23.59455556,25.41893023,13.4212,21.87584615
2011,10,20.94357895,20.07291358,25.23025581,14.5334,16.65896154
2011,11,21.723,16.15319753,24.53030233,16.8268,11.19632692
2011,12,22.30021053,11.76959259,23.36244186,17.7002,5.460673077
2012,1,22.94368421,9.982296296,22.90060465,19.9874,3.073711538
2012,2,23.35905263,11.20344444,24.3062093,19.6148,4.001153846
2012,3,23.09021053,15.89388889,25.74076744,18.2502,10.15413462
2012,4,21.87557895,20.3274321,26.60383721,15.6384,16.15386538
2012,5,20.40415789,24.17471605,26.86897674,13.3744,21.60755769
2012,6,19.41868421,25.89317284,26.4044186,11.3206,24.50594231
2012,7,18.67794737,26.75330864,25.21032558,10.7142,26.62084615
2012,8,19.18026316,26.08369136,25.19767442,11.3294,25.71263462
2012,9,20.59442105,23.63632099,25.64304651,13.0564,21.88275
2012,10,21.47047368,20.25660494,25.53695349,14.3934,16.89746154
2012,11,22.23147368,15.70958025,24.75504651,16.9302,10.49530769
2012,12,23.15763158,11.32281481,23.92613953,18.775,4.508538462
2013,1,24.28003182,10.07773096,23.3696255,19.14937155,1.706261586
2013,2,23.91904591,11.51748164,25.10778888,19.27767669,5.281066251
2013,3,24.08360706,15.24800334,26.37214574,17.8746853,9.704395655
2013,4,22.95423754,19.78531373,25.89577438,16.0387556,16.32112796
2013,5,21.26332294,24.74025098,26.0644714,13.67722643,21.95584639
2013,6,19.20728849,25.03905719,25.31986106,10.68683166,25.21516953
2013,7,18.5925065,27.37970057,24.71856384,11.09822953,25.74634118
2013,8,20.23870279,26.21461044,26.35361534,10.90959052,26.54787832
2013,9,20.36121659,23.02841635,26.65079723,14.02010581,22.0170798
2013,10,21.4364604,20.06709046,24.96550906,13.90908259,16.2658124
2013,11,21.76976448,17.20682758,24.71259895,17.40233961,11.27194029
2013,12,23.27460259,12.60222714,22.9136104,17.18552228,6.081309641
2014,1,22.99902498,9.497880991,23.44822658,20.53060113,4.196966409
2014,2,23.87131615,11.47413559,24.75969128,20.87900233,4.338290421
2014,3,23.08761398,17.15963752,27.02478801,19.34251487,10.9372953
2014,4,22.50505221,21.09415749,26.77566984,15.73766435,15.88964781
2014,5,21.46741788,25.35885538,28.06688646,12.88728566,21.02350834
2014,6,19.04613212,26.24812068,25.84391479,10.6408915,23.98930236
2014,7,19.1928174,26.16547963,25.82652644,11.16583979,26.06851687
2014,8,18.96340165,26.08608143,24.75115177,12.10821728,25.90399426
2014,9,19.92964429,24.29973755,26.70471268,12.63604204,22.80445757
2014,10,21.27619303,19.60537624,25.89840065,15.56310935,17.73611855
2014,11,22.34097831,16.4452021,25.01769176,17.11255159,11.68002935
2014,12,23.61518836,12.19003422,24.65575364,18.35933237,5.194375531
2015,1,22.98632289,8.953416661,23.93003537,20.7256181,3.524911445
2015,2,24.1183905,11.30321529,25.66947518,20.09703255,3.943461382
2015,3,24.04882256,16.79573692,26.86016738,19.23044225,11.7374501
2015,4,22.84722114,21.92063441,26.14802905,15.32193932,16.34865115
2015,5,20.79514479,26.04478001,28.47368125,13.68417417,20.54469785
2015,6,19.72199374,26.96219972,26.80653697,10.69937557,23.56426792
2015,7,18.99888052,26.00699376,25.91053984,11.08960932,26.51971699
2015,8,20.04105474,25.85988947,24.44035067,13.14992518,26.95642742
2015,9,19.74952675,23.65268826,27.46646861,12.09753238,22.92742121
2015,10,21.35653137,20.01537994,25.35244171,15.96119763,17.2003699
2015,11,21.77165148,16.52734879,24.75989059,18.20076544,11.91331539
2015,12,23.70577232,12.00721048,24.79494871,19.1182187,4.73200127
2016,1,22.23122481,9.570874941,24.34033482,20.75297823,4.554451915
2016,2,24.27275205,12.33565878,25.86328872,21.15213882,4.550763355
2016,3,24.6381074,16.00492413,27.14060598,19.25638303,12.19370993
2016,4,23.13429254,21.55263042,26.45223872,16.24743697,15.5585298
2016,5,20.24531311,26.79492143,27.71445396,13.16943973,20.38551928
2016,6,20.73149381,27.39051089,26.03833283,10.5221644,23.14981193
2016,7,18.7498165,25.26041426,26.77182016,11.81816577,27.16203135
2016,8,20.88648949,26.58897723,23.88148466,13.11858837,26.21227384
2016,9,18.95213571,22.86668421,27.00203709,11.59840383,23.15840921
2016,10,21.39429639,20.40300517,25.10640353,16.34685175,17.57065042
2016,11,21.21483214,15.88453602,24.02402309,17.73710225,12.16165776
2016,12,24.58850962,11.8200345,24.3772698,18.44845751,5.824021313
2017,1,21.92075724,10.02168331,23.95368182,20.43646444,5.241277109
2017,2,23.78475968,13.18200334,25.25125956,22.31173426,5.057204849
2017,3,24.40633601,16.93938973,26.40088567,19.97825979,13.18606387
2017,4,23.57204184,22.19412142,26.57993874,16.96520982,14.77281375
2017,5,19.83228482,26.17782498,27.25031914,14.25393596,21.28438372
2017,6,20.20605996,27.91196173,25.31531221,10.01849052,22.71934014
2017,7,19.24054038,26.17352082,27.67857157,12.00624191,27.92378625
2017,8,20.63579712,27.72373672,25.06254333,12.48748647,26.07186067
2017,9,18.68873324,22.49852985,27.7360806,11.52851271,22.66644376
2017,10,20.92434039,21.38973311,26.19798315,16.58178653,16.80739721
2017,11,21.25344379,15.32870632,25.1277188,17.47746295,13.14896422
2017,12,25.57889301,12.57109866,25.39491166,17.68181827,6.942598759
2018,1,21.27126251,9.791950231,24.1299161,21.57760791,5.577503684
2018,2,23.53270036,12.64017006,24.76164368,22.04935792,5.124983729
2018,3,24.39814293,16.98988271,26.82966421,20.07187058,12.41011055
2018,4,22.84058363,22.19166232,27.7388389,17.25074764,15.79758784
2018,5,19.68060286,25.95885803,28.20826683,15.01222434,21.27320794
2018,6,21.17071189,27.96329868,25.44806817,10.06835288,22.82976022
2018,7,19.83138949,25.56467728,28.3454922,11.46627695,28.11684368
2018,8,20.35511409,28.10707007,24.71777968,13.59772189,25.39787967
2018,9,18.25522756,22.94701382,27.51889215,11.00288756,22.24431069
2018,10,22.03757449,21.18295929,25.8723889,17.10210158,16.01598915
2018,11,20.60978073,15.14787505,24.77566021,18.06804175,13.74942801
2018,12,26.48252358,12.88921786,25.73557643,17.94365892,7.860371448
2019,1,21.36395419,9.758712704,24.52063356,21.38768786,4.979719245
2019,2,23.4765791,12.28448068,25.24809694,22.80267038,5.185051833
2019,3,24.84026598,16.74803203,26.98575977,19.90135376,13.26445036
2019,4,23.52690616,21.6802847,27.07536909,17.51502072,16.48549841
2019,5,20.5520701,26.60018399,29.18351206,14.5379311,20.87568763
2019,6,22.13463496,28.08721655,25.02216784,10.71811739,23.7968655
2019,7,20.62741199,26.45062193,28.62158477,11.0854551,28.37773459
2019,8,21.24171888,27.73775068,25.35123144,14.52305853,25.54040833
2019,9,18.37623562,24.03207025,27.97557733,11.8156608,22.2473911
2019,10,21.88036318,21.14057142,26.51032787,16.68822967,16.19596271
2019,11,20.05132232,14.62771483,25.87005097,18.52992852,13.82673937
2019,12,27.09804683,13.14851061,26.24043028,18.70002747,8.296407203
2020,1,21.36812891,9.729457642,23.74093285,22.22078757,4.844956434
2020,2,23.33057561,11.34305295,25.26894966,23.73007612,4.735752392
2020,3,25.32708886,15.98163712,27.5244208,20.43279275,13.34598287
2020,4,22.86554266,22.54052565,26.49178611,16.55454201,16.68872078
2020,5,20.76681223,26.53789379,29.37613923,14.98484852,20.69190893
2020,6,22.32986266,27.9386358,24.26585106,10.41802405,23.89035671
2020,7,19.88161025,25.61361509,28.20049911,11.43908755,28.29181902
2020,8,21.24014905,26.85470717,24.4984437,14.19881208,25.21255064
2020,9,19.34615495,24.53539809,28.26863937,12.58139149,22.27117097
2020,10,21.63276881,21.90809571,26.00185152,16.01623623,16.51317041
2020,11,19.56255879,13.94292129,25.42326253,18.12734602,12.83854803
2020,12,26.55535082,13.48874619,27.20376148,18.21232503,8.534752511
2021,1,22.31178788,9.71380016,23.34298674,22.41498152,4.931722064
2021,2,22.59011714,11.44749171,24.56707803,23.24717388,4.793176189
2021,3,25.95384226,16.41870561,27.52605943,21.2207554,14.24741627
2021,4,22.79025345,22.11572035,27.34452031,16.54719841,17.44338088
2021,5,20.19328808,25.76669635,28.62477028,15.13305454,20.62465339
2021,6,22.07793991,28.44786611,24.17705527,10.83008071,24.74937256
2021,7,20.52254166,24.69331009,29.13287639,12.21502407,28.56936661
2021,8,20.26205724,27.80922456,24.26950026,13.99812973,25.23312682
2021,9,19.44941563,25.45318499,28.97944225,12.53480234,23.02680205
2021,10,21.4125245,21.00642075,25.61672112,15.65665557,16.43576157
2021,11,19.53882596,14.35640403,25.15785661,19.01022482,12.37492307
2021,12,27.04614192,14.30689282,27.37286657,19.02533162,7.648118655
2022,1,22.42526088,8.719722882,22.64929925,22.2299641,4.398613805
2022,2,22.66074469,11.07070407,24.98434682,23.42129497,4.27155867
2022,3,25.0819601,15.42544399,26.90420512,21.20316278,14.48035397
2022,4,22.03580548,21.38178343,26.97288197,15.72290871,17.26096755
2022,5,19.75792629,26.02787712,28.0642811,15.44156206,20.01159022
2022,6,21.26714,29.28458637,24.29353446,10.66536325,23.97026717
2022,7,20.6280305,23.91587124,28.6049213,11.49233231,28.2258466
2022,8,19.95494145,28.66673794,25.04613357,14.5782187,24.38206749
2022,9,19.28901021,25.24663371,28.80530354,13.48271064,22.50259238
2022,10,20.62967727,21.60647896,24.70634627,16.5765682,17.03905009
